nombre_participation_pee,nb_formations_suivies,nombre_employee_sous_responsabilite,code_sondage,distance_domicile_travail,niveau_education,domaine_etude,ayant_enfants,frequence_deplacement,annees_depuis_la_derniere_promotion,annes_sous_responsable_actuel
0,0,1,1,1,2,Infra & Cloud,Y,Occasionnel,0,5
1,3,1,2,8,1,Infra & Cloud,Y,Frequent,1,7
0,3,1,4,2,2,Autre,Y,Occasionnel,0,0
0,3,1,5,3,4,Infra & Cloud,Y,Frequent,3,0
1,3,1,7,2,1,Transformation Digitale,Y,Occasionnel,2,2
0,2,1,8,2,2,Infra & Cloud,Y,Frequent,3,6
3,3,1,10,3,3,Transformation Digitale,Y,Occasionnel,0,0
1,2,1,11,24,1,Infra & Cloud,Y,Occasionnel,0,0
0,2,1,12,23,3,Infra & Cloud,Y,Frequent,1,8
2,3,1,13,27,3,Transformation Digitale,Y,Occasionnel,7,7
1,5,1,14,16,3,Transformation Digitale,Y,Occasionnel,0,3
0,3,1,15,15,2,Infra & Cloud,Y,Occasionnel,0,8
1,1,1,16,26,1,Infra & Cloud,Y,Occasionnel,4,3
1,2,1,18,19,2,Transformation Digitale,Y,Occasionnel,1,2
0,4,1,19,24,3,Infra & Cloud,Y,Occasionnel,0,3
1,1,1,20,21,4,Infra & Cloud,Y,Occasionnel,8,8
2,5,1,21,5,2,Infra & Cloud,Y,Occasionnel,0,5
2,2,1,22,16,2,Transformation Digitale,Y,Aucun,0,0
0,3,1,23,2,4,Infra & Cloud,Y,Occasionnel,3,7
0,3,1,24,2,3,Infra & Cloud,Y,Occasionnel,1,2
1,5,1,26,11,2,Autre,Y,Aucun,1,3
0,4,1,27,9,4,Infra & Cloud,Y,Occasionnel,0,3
0,4,1,28,7,4,Infra & Cloud,Y,Occasionnel,2,11
0,6,1,30,15,2,Infra & Cloud,Y,Occasionnel,0,0
0,2,1,31,6,1,Transformation Digitale,Y,Occasionnel,1,3
1,3,1,32,5,3,Autre,Y,Occasionnel,4,8
0,5,1,33,16,1,Infra & Cloud,Y,Frequent,6,7
1,2,1,35,8,4,Marketing,Y,Occasionnel,4,2
1,4,1,36,7,4,Transformation Digitale,Y,Occasionnel,5,17
0,2,1,38,2,4,Marketing,Y,Occasionnel,2,1
0,3,1,39,2,3,Transformation Digitale,Y,Occasionnel,0,0
0,5,1,40,10,4,Autre,Y,Occasionnel,1,3
0,5,1,41,9,2,Transformation Digitale,Y,Occasionnel,1,8
1,6,1,42,5,3,Entrepreunariat,Y,Occasionnel,0,0
1,2,1,45,1,3,Transformation Digitale,Y,Occasionnel,2,0
2,3,1,46,2,2,Transformation Digitale,Y,Occasionnel,1,4
0,2,1,47,3,2,Marketing,Y,Occasionnel,0,2
0,3,1,49,2,3,Marketing,Y,Occasionnel,2,2
1,3,1,51,5,4,Infra & Cloud,Y,Occasionnel,0,0
2,3,1,52,1,3,Infra & Cloud,Y,Frequent,1,3
1,3,1,53,4,2,Autre,Y,Occasionnel,0,0
1,6,1,54,2,4,Infra & Cloud,Y,Occasionnel,0,0
0,2,1,55,25,3,Infra & Cloud,Y,Occasionnel,0,1
0,0,1,56,8,3,Infra & Cloud,Y,Frequent,1,7
0,2,1,57,1,2,Transformation Digitale,Y,Frequent,3,7
0,0,1,58,12,3,Entrepreunariat,Y,Occasionnel,15,8
0,2,1,60,23,4,Marketing,Y,Aucun,8,7
0,1,1,61,19,2,Infra & Cloud,Y,Occasionnel,0,0
0,4,1,62,5,4,Marketing,Y,Frequent,0,8
0,2,1,63,8,1,Infra & Cloud,Y,Occasionnel,0,1
0,2,1,64,1,2,Infra & Cloud,Y,Occasionnel,0,0
0,3,1,65,5,4,Entrepreunariat,Y,Occasionnel,2,2
1,2,1,68,1,5,Marketing,Y,Occasionnel,1,3
1,3,1,70,11,2,Transformation Digitale,Y,Aucun,2,3
1,2,1,72,23,3,Marketing,Y,Occasionnel,0,0
0,1,1,73,1,2,Infra & Cloud,Y,Frequent,8,12
1,3,1,74,18,5,Infra & Cloud,Y,Frequent,1,8
1,3,1,75,23,4,Transformation Digitale,Y,Occasionnel,2,2
1,3,1,76,7,4,Infra & Cloud,Y,Occasionnel,1,7
1,2,1,77,1,4,Infra & Cloud,Y,Occasionnel,0,7
1,3,1,78,1,3,Transformation Digitale,Y,Occasionnel,7,8
0,2,1,79,29,5,Infra & Cloud,Y,Frequent,9,9
1,2,1,80,7,2,Transformation Digitale,Y,Occasionnel,13,8
0,3,1,81,25,3,Infra & Cloud,Y,Occasionnel,7,9
3,2,1,83,8,3,Entrepreunariat,Y,Occasionnel,12,8
3,2,1,84,8,3,Transformation Digitale,Y,Occasionnel,0,2
0,3,1,85,11,3,Infra & Cloud,Y,Frequent,0,3
1,2,1,86,7,3,Infra & Cloud,Y,Occasionnel,0,0
1,2,1,88,1,3,Transformation Digitale,Y,Frequent,1,2
1,0,1,90,9,3,Transformation Digitale,Y,Occasionnel,0,0
0,2,1,91,1,1,Infra & Cloud,Y,Frequent,1,3
1,3,1,94,2,3,Infra & Cloud,Y,Occasionnel,0,4
0,4,1,95,1,4,Transformation Digitale,Y,Occasionnel,1,0
2,3,1,96,1,3,Infra & Cloud,Y,Occasionnel,0,9
0,3,1,97,6,3,Infra & Cloud,Y,Occasionnel,0,0
0,2,1,98,8,4,Infra & Cloud,Y,Occasionnel,1,8
0,2,1,100,1,4,Marketing,Y,Occasionnel,2,8
0,3,1,101,6,4,Autre,Y,Occasionnel,0,0
0,3,1,102,7,4,Transformation Digitale,Y,Occasionnel,0,2
1,2,1,103,5,2,Transformation Digitale,Y,Occasionnel,0,2
2,1,1,104,1,1,Infra & Cloud,Y,Occasionnel,3,0
0,3,1,105,1,3,Transformation Digitale,Y,Occasionnel,0,4
1,4,1,106,1,2,Infra & Cloud,Y,Occasionnel,1,0
3,3,1,107,6,3,Transformation Digitale,Y,Aucun,1,9
0,2,1,110,1,2,Transformation Digitale,Y,Occasionnel,1,3
0,3,1,112,7,3,Infra & Cloud,Y,Occasionnel,0,2
1,3,1,113,2,1,Entrepreunariat,Y,Occasionnel,0,0
2,4,1,116,9,4,Infra & Cloud,Y,Occasionnel,0,3
3,3,1,117,2,3,Infra & Cloud,Y,Occasionnel,10,8
0,3,1,118,9,2,Transformation Digitale,Y,Occasionnel,4,7
1,3,1,119,1,4,Infra & Cloud,Y,Frequent,11,11
0,2,1,120,21,4,Marketing,Y,Occasionnel,1,0
3,4,1,121,4,2,Transformation Digitale,Y,Occasionnel,2,7
1,5,1,124,1,3,Transformation Digitale,Y,Frequent,9,5
0,0,1,125,6,4,Transformation Digitale,Y,Occasionnel,5,7
1,5,1,126,2,4,Entrepreunariat,Y,Occasionnel,0,3
1,2,1,128,3,2,Autre,Y,Occasionnel,0,2
0,3,1,129,4,3,Transformation Digitale,Y,Aucun,0,4
0,1,1,131,10,4,Transformation Digitale,Y,Occasionnel,1,8
1,3,1,132,23,3,Transformation Digitale,Y,Aucun,1,2
0,3,1,133,6,4,Ressources Humaines,Y,Occasionnel,0,2
0,2,1,134,1,1,Infra & Cloud,Y,Occasionnel,0,0
0,5,1,137,6,3,Infra & Cloud,Y,Frequent,1,0
0,3,1,138,6,4,Autre,Y,Occasionnel,2,10
1,2,1,139,2,2,Infra & Cloud,Y,Aucun,0,0
1,3,1,140,2,4,Ressources Humaines,Y,Aucun,2,2
0,1,1,141,1,3,Infra & Cloud,Y,Frequent,0,7
0,1,1,142,5,3,Marketing,Y,Occasionnel,0,3
2,2,1,143,7,1,Transformation Digitale,Y,Occasionnel,2,1
0,5,1,144,15,3,Transformation Digitale,Y,Occasionnel,0,0
0,1,1,145,1,4,Transformation Digitale,Y,Frequent,12,8
0,3,1,147,7,3,Infra & Cloud,Y,Frequent,0,6
0,3,1,148,26,3,Ressources Humaines,Y,Aucun,4,4
1,2,1,150,18,1,Infra & Cloud,Y,Occasionnel,1,2
1,3,1,151,6,4,Infra & Cloud,Y,Occasionnel,0,0
0,3,1,152,3,3,Infra & Cloud,Y,Occasionnel,1,3
0,6,1,153,5,3,Transformation Digitale,Y,Occasionnel,5,8
1,6,1,154,11,2,Entrepreunariat,Y,Frequent,2,8
1,2,1,155,3,2,Infra & Cloud,Y,Occasionnel,0,0
2,3,1,158,26,2,Infra & Cloud,Y,Frequent,4,12
3,2,1,159,23,3,Infra & Cloud,Y,Frequent,0,9
1,2,1,160,22,2,Marketing,Y,Aucun,0,7
3,2,1,161,14,4,Infra & Cloud,Y,Occasionnel,4,3
0,5,1,162,6,3,Infra & Cloud,Y,Occasionnel,15,15
0,3,1,163,6,4,Infra & Cloud,Y,Occasionnel,7,7
0,3,1,164,6,3,Autre,Y,Occasionnel,4,3
1,3,1,165,23,4,Transformation Digitale,Y,Occasionnel,15,6
0,2,1,167,22,1,Marketing,Y,Occasionnel,0,0
1,2,1,169,2,1,Entrepreunariat,Y,Occasionnel,2,1
0,2,1,170,20,4,Transformation Digitale,Y,Occasionnel,5,11
0,2,1,171,28,3,Transformation Digitale,Y,Frequent,1,2
0,3,1,174,12,3,Marketing,Y,Frequent,2,1
1,2,1,175,20,3,Infra & Cloud,Y,Occasionnel,2,2
1,2,1,176,9,1,Infra & Cloud,Y,Occasionnel,0,7
1,3,1,177,25,1,Infra & Cloud,Y,Occasionnel,5,7
2,0,1,178,6,2,Transformation Digitale,Y,Occasionnel,0,1
0,2,1,179,8,4,Infra & Cloud,Y,Frequent,0,3
1,1,1,182,4,4,Infra & Cloud,Y,Occasionnel,5,9
0,3,1,183,28,3,Infra & Cloud,Y,Occasionnel,2,2
0,2,1,184,9,3,Ressources Humaines,Y,Occasionnel,4,7
0,2,1,190,9,3,Transformation Digitale,Y,Occasionnel,0,4
0,2,1,192,29,3,Transformation Digitale,Y,Occasionnel,0,3
0,2,1,193,3,5,Entrepreunariat,Y,Occasionnel,2,2
0,4,1,194,18,3,Infra & Cloud,Y,Occasionnel,0,4
3,2,1,195,9,2,Transformation Digitale,Y,Frequent,0,7
1,3,1,197,5,3,Entrepreunariat,Y,Occasionnel,2,2
0,3,1,198,2,1,Transformation Digitale,Y,Occasionnel,1,2
1,2,1,199,10,3,Infra & Cloud,Y,Frequent,7,7
1,2,1,200,9,4,Infra & Cloud,Y,Occasionnel,1,4
0,3,1,201,3,1,Transformation Digitale,Y,Occasionnel,0,0
1,2,1,202,26,3,Transformation Digitale,Y,Frequent,2,13
2,3,1,204,1,5,Marketing,Y,Occasionnel,0,6
1,3,1,205,6,2,Marketing,Y,Occasionnel,4,5
1,2,1,206,9,3,Infra & Cloud,Y,Occasionnel,0,15
0,2,1,207,8,3,Marketing,Y,Frequent,3,7
1,1,1,208,1,1,Entrepreunariat,Y,Aucun,0,9
0,2,1,211,7,4,Transformation Digitale,Y,Occasionnel,0,0
1,3,1,214,9,3,Transformation Digitale,Y,Occasionnel,0,0
1,2,1,215,4,4,Marketing,Y,Occasionnel,2,11
1,3,1,216,2,4,Marketing,Y,Frequent,1,2
2,6,1,217,19,1,Transformation Digitale,Y,Occasionnel,2,2
1,1,1,218,9,3,Transformation Digitale,Y,Aucun,2,2
1,2,1,221,21,3,Transformation Digitale,Y,Occasionnel,0,2
1,2,1,223,24,2,Infra & Cloud,Y,Occasionnel,1,4
1,2,1,224,3,3,Transformation Digitale,Y,Aucun,0,1
0,5,1,226,11,3,Infra & Cloud,Y,Occasionnel,4,4
1,2,1,227,14,3,Infra & Cloud,Y,Occasionnel,1,8
1,2,1,228,5,3,Infra & Cloud,Y,Occasionnel,7,4
0,2,1,230,1,4,Infra & Cloud,Y,Occasionnel,0,7
0,2,1,231,6,5,Infra & Cloud,Y,Occasionnel,1,4
1,3,1,233,17,3,Entrepreunariat,Y,Occasionnel,1,1
0,5,1,235,1,1,Entrepreunariat,Y,Frequent,0,0
0,3,1,238,3,2,Transformation Digitale,Y,Frequent,7,2
2,4,1,239,9,3,Transformation Digitale,Y,Aucun,6,10
1,3,1,240,4,2,Infra & Cloud,Y,Occasionnel,0,3
1,3,1,241,8,3,Infra & Cloud,Y,Occasionnel,2,2
0,2,1,242,2,3,Infra & Cloud,Y,Occasionnel,0,2
0,3,1,243,2,3,Infra & Cloud,Y,Occasionnel,1,0
3,2,1,244,1,2,Marketing,Y,Occasionnel,15,7
0,3,1,245,9,2,Infra & Cloud,Y,Occasionnel,2,1
1,0,1,246,12,1,Transformation Digitale,Y,Occasionnel,0,2
0,3,1,247,27,2,Transformation Digitale,Y,Occasionnel,1,2
0,5,1,248,20,2,Marketing,Y,Occasionnel,0,2
1,2,1,249,1,3,Transformation Digitale,Y,Occasionnel,0,2
2,3,1,250,13,2,Transformation Digitale,Y,Occasionnel,1,3
1,5,1,252,14,3,Transformation Digitale,Y,Occasionnel,1,6
1,2,1,253,4,1,Transformation Digitale,Y,Occasionnel,9,9
0,3,1,254,14,4,Transformation Digitale,Y,Occasionnel,2,15
0,2,1,256,2,1,Infra & Cloud,Y,Frequent,1,9
0,6,1,258,3,3,Transformation Digitale,Y,Occasionnel,1,0
1,5,1,259,1,4,Infra & Cloud,Y,Occasionnel,11,9
0,2,1,260,9,3,Transformation Digitale,Y,Occasionnel,0,3
0,1,1,261,23,2,Infra & Cloud,Y,Occasionnel,0,1
3,3,1,262,7,3,Transformation Digitale,Y,Aucun,2,2
1,1,1,264,2,2,Transformation Digitale,Y,Aucun,11,8
1,3,1,267,21,3,Infra & Cloud,Y,Occasionnel,1,7
0,5,1,269,2,3,Transformation Digitale,Y,Frequent,1,2
1,5,1,270,21,2,Transformation Digitale,Y,Aucun,0,2
0,3,1,271,2,4,Infra & Cloud,Y,Occasionnel,0,0
1,3,1,273,29,3,Entrepreunariat,Y,Occasionnel,1,7
1,1,1,274,1,1,Entrepreunariat,Y,Frequent,2,0
2,0,1,275,18,4,Infra & Cloud,Y,Aucun,1,7
1,4,1,277,10,4,Transformation Digitale,Y,Frequent,2,0
1,2,1,281,19,2,Transformation Digitale,Y,Occasionnel,3,7
0,2,1,282,29,1,Transformation Digitale,Y,Occasionnel,0,0
3,3,1,283,27,3,Marketing,Y,Occasionnel,1,9
1,2,1,284,5,3,Infra & Cloud,Y,Occasionnel,2,2
0,2,1,286,18,1,Transformation Digitale,Y,Frequent,1,7
1,5,1,287,9,5,Infra & Cloud,Y,Aucun,0,2
1,3,1,288,1,4,Transformation Digitale,Y,Occasionnel,0,3
0,2,1,291,4,4,Transformation Digitale,Y,Occasionnel,9,8
0,2,1,292,1,1,Infra & Cloud,Y,Aucun,5,8
0,2,1,293,20,3,Infra & Cloud,Y,Frequent,0,7
2,5,1,296,8,4,Infra & Cloud,Y,Occasionnel,4,7
0,5,1,297,3,3,Entrepreunariat,Y,Occasionnel,0,4
0,3,1,298,6,3,Infra & Cloud,Y,Occasionnel,0,0
0,5,1,299,26,4,Marketing,Y,Frequent,0,1
0,1,1,300,1,3,Entrepreunariat,Y,Occasionnel,1,5
0,2,1,302,6,3,Transformation Digitale,Y,Aucun,12,8
1,4,1,303,3,3,Marketing,Y,Occasionnel,0,5
0,3,1,304,5,2,Infra & Cloud,Y,Occasionnel,3,7
0,3,1,305,4,4,Transformation Digitale,Y,Occasionnel,1,1
3,1,1,306,11,3,Autre,Y,Frequent,0,7
2,6,1,307,3,3,Infra & Cloud,Y,Occasionnel,5,13
1,2,1,308,1,4,Transformation Digitale,Y,Aucun,1,4
1,6,1,309,3,3,Infra & Cloud,Y,Occasionnel,0,0
1,2,1,311,4,4,Marketing,Y,Frequent,5,8
1,5,1,312,1,1,Transformation Digitale,Y,Frequent,4,1
0,3,1,314,1,3,Marketing,Y,Frequent,0,8
0,3,1,315,18,1,Transformation Digitale,Y,Occasionnel,0,1
0,3,1,316,2,3,Infra & Cloud,Y,Occasionnel,2,2
0,3,1,319,4,2,Entrepreunariat,Y,Occasionnel,11,15
0,2,1,321,6,2,Transformation Digitale,Y,Occasionnel,2,2
1,3,1,323,1,4,Transformation Digitale,Y,Occasionnel,0,6
1,2,1,325,14,3,Transformation Digitale,Y,Occasionnel,0,4
1,3,1,327,16,3,Marketing,Y,Occasionnel,1,9
0,3,1,328,2,2,Infra & Cloud,Y,Occasionnel,1,7
0,2,1,329,2,4,Infra & Cloud,Y,Aucun,15,12
1,5,1,330,4,2,Infra & Cloud,Y,Occasionnel,1,2
0,2,1,331,1,3,Infra & Cloud,Y,Occasionnel,1,2
3,1,1,332,1,4,Transformation Digitale,Y,Occasionnel,1,2
0,2,1,333,26,4,Marketing,Y,Aucun,2,2
2,2,1,334,19,2,Infra & Cloud,Y,Occasionnel,0,0
2,3,1,335,24,2,Entrepreunariat,Y,Occasionnel,4,7
1,2,1,336,1,3,Autre,Y,Occasionnel,1,7
1,3,1,337,3,4,Transformation Digitale,Y,Frequent,2,2
1,2,1,338,5,4,Infra & Cloud,Y,Occasionnel,0,2
1,3,1,339,2,4,Infra & Cloud,Y,Occasionnel,5,9
1,2,1,340,1,2,Transformation Digitale,Y,Occasionnel,0,2
1,1,1,341,7,4,Infra & Cloud,Y,Frequent,0,2
2,5,1,342,10,3,Transformation Digitale,Y,Frequent,0,0
0,1,1,343,2,4,Entrepreunariat,Y,Frequent,11,8
0,1,1,346,15,3,Infra & Cloud,Y,Occasionnel,1,5
0,1,1,347,17,2,Infra & Cloud,Y,Occasionnel,0,2
1,2,1,349,20,2,Marketing,Y,Occasionnel,0,2
2,3,1,350,1,3,Infra & Cloud,Y,Occasionnel,1,2
1,4,1,351,2,3,Transformation Digitale,Y,Occasionnel,7,8
1,5,1,352,2,2,Transformation Digitale,Y,Occasionnel,3,9
0,0,1,353,1,3,Infra & Cloud,Y,Occasionnel,0,0
0,2,1,355,29,2,Transformation Digitale,Y,Frequent,1,4
0,3,1,359,7,3,Infra & Cloud,Y,Frequent,0,3
1,0,1,361,2,2,Infra & Cloud,Y,Aucun,7,5
0,5,1,362,2,1,Entrepreunariat,Y,Occasionnel,0,4
1,2,1,363,2,3,Entrepreunariat,Y,Occasionnel,7,7
0,5,1,364,2,4,Infra & Cloud,Y,Occasionnel,0,0
2,2,1,366,2,3,Transformation Digitale,Y,Occasionnel,0,0
1,2,1,367,23,3,Transformation Digitale,Y,Occasionnel,7,8
2,2,1,369,5,2,Infra & Cloud,Y,Aucun,1,5
0,2,1,372,20,2,Transformation Digitale,Y,Occasionnel,4,10
1,4,1,373,6,3,Infra & Cloud,Y,Occasionnel,10,11
0,2,1,374,1,3,Transformation Digitale,Y,Occasionnel,4,13
1,2,1,376,29,4,Infra & Cloud,Y,Aucun,9,9
1,3,1,377,9,3,Transformation Digitale,Y,Occasionnel,0,4
1,5,1,378,6,4,Transformation Digitale,Y,Occasionnel,0,1
0,4,1,379,3,2,Transformation Digitale,Y,Occasionnel,1,0
2,2,1,380,1,4,Transformation Digitale,Y,Aucun,0,2
1,6,1,381,22,3,Infra & Cloud,Y,Occasionnel,6,2
1,3,1,382,7,2,Transformation Digitale,Y,Occasionnel,7,7
1,6,1,384,1,3,Infra & Cloud,Y,Frequent,1,4
2,4,1,385,4,1,Infra & Cloud,Y,Occasionnel,1,6
3,5,1,386,3,4,Transformation Digitale,Y,Occasionnel,1,3
0,3,1,387,1,1,Infra & Cloud,Y,Occasionnel,11,6
0,3,1,388,2,2,Infra & Cloud,Y,Frequent,0,9
1,4,1,389,20,2,Entrepreunariat,Y,Occasionnel,0,8
1,3,1,390,11,2,Transformation Digitale,Y,Frequent,3,3
0,3,1,391,1,3,Infra & Cloud,Y,Occasionnel,5,7
1,0,1,392,24,3,Infra & Cloud,Y,Frequent,0,0
1,2,1,393,23,4,Infra & Cloud,Y,Occasionnel,1,2
1,2,1,394,16,4,Transformation Digitale,Y,Occasionnel,0,2
0,3,1,395,8,2,Infra & Cloud,Y,Occasionnel,0,2
0,4,1,396,10,4,Infra & Cloud,Y,Frequent,1,2
0,2,1,397,3,3,Entrepreunariat,Y,Occasionnel,7,7
1,5,1,399,5,3,Marketing,Y,Frequent,2,2
0,0,1,401,4,4,Marketing,Y,Occasionnel,7,4
3,3,1,403,9,3,Transformation Digitale,Y,Frequent,1,2
1,2,1,404,26,3,Marketing,Y,Frequent,4,8
0,2,1,405,3,3,Infra & Cloud,Y,Occasionnel,0,0
2,3,1,406,16,3,Marketing,Y,Occasionnel,6,9
2,2,1,407,18,4,Infra & Cloud,Y,Frequent,0,0
1,3,1,408,2,3,Transformation Digitale,Y,Occasionnel,1,2
0,2,1,410,2,4,Infra & Cloud,Y,Occasionnel,0,4
0,2,1,411,10,3,Transformation Digitale,Y,Occasionnel,0,0
0,2,1,412,16,2,Transformation Digitale,Y,Occasionnel,0,7
1,3,1,416,7,3,Entrepreunariat,Y,Occasionnel,7,7
3,5,1,417,1,3,Transformation Digitale,Y,Occasionnel,3,7
1,3,1,419,24,4,Infra & Cloud,Y,Aucun,0,8
1,3,1,420,7,3,Infra & Cloud,Y,Occasionnel,4,8
1,2,1,421,25,2,Infra & Cloud,Y,Occasionnel,0,1
1,2,1,422,1,4,Infra & Cloud,Y,Aucun,1,2
1,4,1,423,5,4,Entrepreunariat,Y,Occasionnel,0,3
0,1,1,424,2,3,Ressources Humaines,Y,Occasionnel,1,0
1,2,1,425,7,3,Infra & Cloud,Y,Frequent,9,11
1,2,1,426,2,4,Infra & Cloud,Y,Occasionnel,2,2
2,2,1,428,5,4,Infra & Cloud,Y,Frequent,8,8
0,3,1,429,10,1,Transformation Digitale,Y,Occasionnel,11,10
0,5,1,430,10,4,Infra & Cloud,Y,Frequent,1,7
0,2,1,431,1,2,Entrepreunariat,Y,Occasionnel,0,7
0,3,1,433,8,4,Transformation Digitale,Y,Occasionnel,7,7
0,2,1,434,5,3,Infra & Cloud,Y,Occasionnel,1,2
0,2,1,436,8,2,Entrepreunariat,Y,Occasionnel,11,9
0,3,1,437,2,3,Infra & Cloud,Y,Occasionnel,0,4
3,3,1,438,7,3,Marketing,Y,Occasionnel,1,7
0,0,1,439,2,4,Transformation Digitale,Y,Occasionnel,0,7
0,4,1,440,2,4,Transformation Digitale,Y,Occasionnel,2,2
2,2,1,441,28,2,Transformation Digitale,Y,Occasionnel,1,9
1,2,1,442,7,2,Infra & Cloud,Y,Frequent,8,9
1,2,1,444,7,2,Transformation Digitale,Y,Frequent,13,3
0,3,1,445,3,2,Transformation Digitale,Y,Occasionnel,0,0
0,6,1,446,10,3,Marketing,Y,Frequent,0,1
1,2,1,447,5,5,Infra & Cloud,Y,Occasionnel,1,1
1,3,1,448,10,4,Infra & Cloud,Y,Frequent,0,0
1,0,1,449,1,1,Marketing,Y,Aucun,1,4
0,4,1,450,20,4,Infra & Cloud,Y,Frequent,0,3
1,1,1,451,7,3,Infra & Cloud,Y,Occasionnel,0,0
2,3,1,452,8,4,Autre,Y,Occasionnel,9,8
3,2,1,453,1,2,Transformation Digitale,Y,Occasionnel,0,2
0,4,1,454,8,4,Autre,Y,Occasionnel,0,7
0,2,1,455,9,5,Autre,Y,Occasionnel,2,2
3,2,1,456,5,3,Marketing,Y,Occasionnel,1,2
1,3,1,458,8,4,Marketing,Y,Occasionnel,0,7
2,2,1,460,5,2,Transformation Digitale,Y,Occasionnel,0,4
1,3,1,461,15,2,Infra & Cloud,Y,Occasionnel,2,9
0,2,1,462,7,4,Transformation Digitale,Y,Occasionnel,4,10
2,2,1,463,10,1,Marketing,Y,Occasionnel,1,7
0,5,1,464,5,4,Entrepreunariat,Y,Occasionnel,0,13
2,2,1,465,26,1,Infra & Cloud,Y,Occasionnel,0,2
0,3,1,466,6,3,Transformation Digitale,Y,Occasionnel,1,2
0,3,1,467,4,1,Transformation Digitale,Y,Frequent,0,0
0,2,1,468,23,5,Infra & Cloud,Y,Occasionnel,0,0
1,3,1,469,2,3,Infra & Cloud,Y,Aucun,0,2
1,5,1,470,2,1,Entrepreunariat,Y,Occasionnel,1,0
1,4,1,471,2,3,Transformation Digitale,Y,Occasionnel,0,7
1,3,1,473,29,1,Transformation Digitale,Y,Occasionnel,0,0
2,2,1,474,6,3,Transformation Digitale,Y,Occasionnel,6,7
1,2,1,475,25,2,Entrepreunariat,Y,Aucun,2,2
1,3,1,476,1,3,Infra & Cloud,Y,Occasionnel,7,7
0,6,1,477,2,4,Autre,Y,Occasionnel,0,0
0,3,1,478,1,1,Entrepreunariat,Y,Frequent,1,2
0,6,1,479,1,5,Transformation Digitale,Y,Aucun,0,0
1,2,1,481,3,4,Transformation Digitale,Y,Frequent,1,12
0,2,1,482,1,4,Transformation Digitale,Y,Occasionnel,1,2
1,3,1,483,10,4,Infra & Cloud,Y,Occasionnel,1,7
0,3,1,484,9,2,Transformation Digitale,Y,Aucun,2,2
0,2,1,485,5,3,Marketing,Y,Occasionnel,0,0
1,3,1,486,10,3,Transformation Digitale,Y,Occasionnel,0,3
0,2,1,487,7,4,Transformation Digitale,Y,Aucun,0,0
0,5,1,488,4,3,Marketing,Y,Frequent,7,7
0,2,1,491,10,3,Entrepreunariat,Y,Occasionnel,1,3
2,6,1,492,22,2,Marketing,Y,Occasionnel,1,0
0,5,1,493,9,4,Infra & Cloud,Y,Occasionnel,2,2
0,0,1,494,12,3,Infra & Cloud,Y,Occasionnel,0,0
0,4,1,495,23,3,Infra & Cloud,Y,Occasionnel,1,2
0,5,1,496,9,4,Infra & Cloud,Y,Occasionnel,0,0
1,2,1,497,1,2,Transformation Digitale,Y,Occasionnel,0,4
0,1,1,498,9,4,Infra & Cloud,Y,Occasionnel,0,7
0,2,1,499,7,3,Autre,Y,Occasionnel,0,0
1,2,1,500,14,2,Infra & Cloud,Y,Occasionnel,0,7
1,3,1,501,2,3,Infra & Cloud,Y,Occasionnel,2,2
0,3,1,502,19,3,Marketing,Y,Aucun,0,4
0,2,1,505,2,3,Infra & Cloud,Y,Occasionnel,1,2
1,2,1,507,10,4,Marketing,Y,Occasionnel,0,3
1,3,1,508,2,1,Entrepreunariat,Y,Occasionnel,0,0
0,2,1,510,3,1,Entrepreunariat,Y,Frequent,0,4
1,1,1,511,11,3,Transformation Digitale,Y,Occasionnel,1,2
2,2,1,513,2,2,Transformation Digitale,Y,Occasionnel,9,0
0,4,1,514,4,3,Entrepreunariat,Y,Frequent,0,0
1,2,1,515,14,3,Infra & Cloud,Y,Occasionnel,12,17
2,5,1,516,2,2,Marketing,Y,Occasionnel,1,3
1,5,1,517,1,4,Infra & Cloud,Y,Occasionnel,1,2
0,2,1,518,10,4,Infra & Cloud,Y,Occasionnel,0,1
1,3,1,520,12,3,Infra & Cloud,Y,Occasionnel,3,9
1,3,1,521,2,3,Transformation Digitale,Y,Occasionnel,0,0
1,4,1,522,5,2,Transformation Digitale,Y,Occasionnel,1,2
1,3,1,523,4,4,Marketing,Y,Aucun,1,2
1,5,1,524,7,2,Transformation Digitale,Y,Occasionnel,3,12
1,1,1,525,21,3,Transformation Digitale,Y,Frequent,1,2
0,3,1,526,8,4,Autre,Y,Occasionnel,0,2
0,3,1,527,4,2,Infra & Cloud,Y,Occasionnel,1,3
2,2,1,529,25,5,Transformation Digitale,Y,Aucun,10,7
1,3,1,530,1,2,Infra & Cloud,Y,Occasionnel,3,2
1,3,1,531,1,1,Infra & Cloud,Y,Frequent,1,6
3,0,1,532,6,3,Infra & Cloud,Y,Frequent,7,7
0,6,1,533,12,3,Entrepreunariat,Y,Occasionnel,4,4
1,2,1,534,1,3,Marketing,Y,Occasionnel,0,7
1,2,1,536,17,2,Transformation Digitale,Y,Occasionnel,1,8
1,5,1,538,3,3,Transformation Digitale,Y,Occasionnel,0,2
0,4,1,543,3,3,Transformation Digitale,Y,Occasionnel,0,4
2,3,1,544,10,2,Infra & Cloud,Y,Occasionnel,0,2
0,2,1,546,4,2,Infra & Cloud,Y,Occasionnel,1,4
1,3,1,547,29,2,Infra & Cloud,Y,Frequent,0,2
0,2,1,548,2,3,Infra & Cloud,Y,Occasionnel,0,2
0,5,1,549,7,3,Infra & Cloud,Y,Occasionnel,11,10
1,5,1,550,18,3,Transformation Digitale,Y,Occasionnel,0,8
3,4,1,551,28,4,Entrepreunariat,Y,Frequent,0,4
0,4,1,554,1,1,Entrepreunariat,Y,Occasionnel,1,4
1,3,1,555,6,2,Marketing,Y,Frequent,1,0
1,3,1,556,2,2,Infra & Cloud,Y,Frequent,0,0
0,2,1,558,2,4,Infra & Cloud,Y,Occasionnel,1,12
2,3,1,560,23,3,Infra & Cloud,Y,Occasionnel,0,2
1,3,1,562,3,3,Infra & Cloud,Y,Aucun,1,4
0,2,1,564,3,4,Transformation Digitale,Y,Occasionnel,0,7
0,2,1,565,25,5,Entrepreunariat,Y,Occasionnel,1,1
0,3,1,566,2,2,Entrepreunariat,Y,Occasionnel,0,0
0,3,1,567,22,4,Autre,Y,Aucun,7,8
1,3,1,568,29,3,Marketing,Y,Occasionnel,0,0
1,2,1,569,29,4,Infra & Cloud,Y,Occasionnel,15,7
0,2,1,571,2,3,Transformation Digitale,Y,Aucun,6,7
0,5,1,573,28,3,Marketing,Y,Frequent,13,11
3,2,1,574,2,2,Transformation Digitale,Y,Occasionnel,0,4
0,2,1,575,2,3,Infra & Cloud,Y,Occasionnel,0,1
0,2,1,577,22,3,Infra & Cloud,Y,Occasionnel,4,3
0,3,1,578,8,4,Infra & Cloud,Y,Occasionnel,0,0
1,3,1,579,2,4,Infra & Cloud,Y,Occasionnel,5,7
1,3,1,580,10,3,Marketing,Y,Occasionnel,1,2
1,6,1,581,9,1,Infra & Cloud,Y,Occasionnel,0,8
0,2,1,582,15,1,Transformation Digitale,Y,Occasionnel,7,7
3,2,1,584,10,1,Transformation Digitale,Y,Occasionnel,1,3
0,3,1,585,7,1,Marketing,Y,Occasionnel,1,2
0,2,1,586,16,3,Infra & Cloud,Y,Occasionnel,0,0
0,2,1,587,20,3,Infra & Cloud,Y,Frequent,0,0
3,2,1,590,23,3,Ressources Humaines,Y,Frequent,0,2
1,4,1,591,5,2,Autre,Y,Frequent,2,0
0,3,1,592,10,4,Transformation Digitale,Y,Aucun,9,7
0,3,1,593,4,1,Entrepreunariat,Y,Frequent,1,2
1,2,1,595,2,5,Marketing,Y,Occasionnel,6,7
0,2,1,597,18,5,Infra & Cloud,Y,Occasionnel,7,7
0,3,1,599,10,2,Infra & Cloud,Y,Aucun,1,10
0,2,1,600,1,3,Marketing,Y,Occasionnel,6,9
0,3,1,601,6,3,Infra & Cloud,Y,Occasionnel,5,13
1,3,1,602,8,1,Infra & Cloud,Y,Frequent,0,7
0,2,1,604,2,1,Infra & Cloud,Y,Occasionnel,0,5
1,5,1,605,24,3,Transformation Digitale,Y,Occasionnel,5,8
1,3,1,606,2,3,Autre,Y,Occasionnel,3,7
1,2,1,608,17,4,Infra & Cloud,Y,Frequent,1,0
2,2,1,611,19,3,Entrepreunariat,Y,Occasionnel,1,2
1,2,1,612,1,5,Transformation Digitale,Y,Occasionnel,0,5
1,3,1,613,7,3,Infra & Cloud,Y,Occasionnel,0,1
0,3,1,614,5,3,Marketing,Y,Frequent,0,0
1,2,1,615,28,3,Autre,Y,Aucun,0,1
0,3,1,616,2,4,Autre,Y,Aucun,0,7
2,5,1,618,29,2,Transformation Digitale,Y,Occasionnel,0,0
0,3,1,620,1,3,Transformation Digitale,Y,Occasionnel,0,3
0,3,1,621,21,4,Infra & Cloud,Y,Occasionnel,5,7
0,3,1,622,24,3,Entrepreunariat,Y,Occasionnel,0,0
0,3,1,623,1,3,Entrepreunariat,Y,Occasionnel,1,2
0,3,1,624,18,1,Transformation Digitale,Y,Frequent,1,2
1,2,1,625,2,5,Infra & Cloud,Y,Occasionnel,11,8
1,6,1,626,9,4,Transformation Digitale,Y,Aucun,7,7
2,3,1,630,6,2,Entrepreunariat,Y,Occasionnel,6,9
0,2,1,631,11,4,Autre,Y,Aucun,1,2
2,3,1,632,24,3,Transformation Digitale,Y,Frequent,2,1
1,4,1,634,10,3,Transformation Digitale,Y,Occasionnel,0,0
1,2,1,635,1,4,Infra & Cloud,Y,Occasionnel,4,3
1,5,1,638,18,4,Infra & Cloud,Y,Occasionnel,0,9
2,3,1,639,23,3,Transformation Digitale,Y,Occasionnel,1,4
2,5,1,641,28,2,Marketing,Y,Occasionnel,1,4
1,2,1,643,17,2,Autre,Y,Occasionnel,0,0
1,2,1,644,3,3,Transformation Digitale,Y,Frequent,10,7
0,1,1,645,13,1,Transformation Digitale,Y,Occasionnel,0,6
1,4,1,647,7,3,Infra & Cloud,Y,Frequent,1,2
1,2,1,648,12,4,Infra & Cloud,Y,Frequent,0,0
1,3,1,649,1,2,Infra & Cloud,Y,Occasionnel,1,3
0,2,1,650,13,4,Transformation Digitale,Y,Occasionnel,1,2
0,3,1,652,25,2,Autre,Y,Occasionnel,0,2
2,4,1,653,6,4,Transformation Digitale,Y,Occasionnel,5,7
2,5,1,655,6,4,Transformation Digitale,Y,Occasionnel,0,3
1,3,1,656,2,3,Marketing,Y,Occasionnel,1,0
0,0,1,657,1,3,Infra & Cloud,Y,Occasionnel,0,0
2,4,1,659,2,4,Infra & Cloud,Y,Occasionnel,2,2
1,3,1,661,6,4,Autre,Y,Occasionnel,0,0
0,3,1,662,1,1,Infra & Cloud,Y,Occasionnel,0,0
1,3,1,663,9,5,Transformation Digitale,Y,Frequent,4,7
1,3,1,664,1,4,Infra & Cloud,Y,Occasionnel,0,2
0,1,1,665,1,4,Infra & Cloud,Y,Occasionnel,0,2
2,3,1,666,14,3,Entrepreunariat,Y,Occasionnel,0,6
1,3,1,667,2,1,Marketing,Y,Occasionnel,0,2
0,2,1,669,22,1,Entrepreunariat,Y,Occasionnel,1,2
1,2,1,671,3,4,Autre,Y,Occasionnel,0,1
0,3,1,675,6,1,Transformation Digitale,Y,Occasionnel,2,2
0,3,1,677,8,4,Marketing,Y,Occasionnel,1,2
1,2,1,679,9,4,Infra & Cloud,Y,Occasionnel,0,5
1,2,1,680,3,3,Transformation Digitale,Y,Frequent,0,0
0,2,1,682,1,1,Transformation Digitale,Y,Occasionnel,8,10
1,4,1,683,1,5,Infra & Cloud,Y,Occasionnel,8,8
2,4,1,684,26,4,Infra & Cloud,Y,Frequent,0,0
1,2,1,686,6,3,Infra & Cloud,Y,Occasionnel,0,2
1,2,1,689,3,3,Autre,Y,Occasionnel,7,8
1,5,1,690,3,2,Transformation Digitale,Y,Occasionnel,1,2
0,3,1,691,6,4,Infra & Cloud,Y,Occasionnel,11,8
1,2,1,692,6,3,Infra & Cloud,Y,Frequent,4,7
1,1,1,698,19,4,Transformation Digitale,Y,Occasionnel,7,1
1,2,1,699,9,2,Transformation Digitale,Y,Occasionnel,0,2
0,0,1,700,3,4,Transformation Digitale,Y,Occasionnel,1,1
0,5,1,701,10,1,Transformation Digitale,Y,Occasionnel,1,1
0,3,1,702,3,3,Infra & Cloud,Y,Frequent,9,7
2,3,1,704,3,3,Infra & Cloud,Y,Aucun,0,0
1,3,1,705,4,3,Transformation Digitale,Y,Occasionnel,0,2
1,4,1,707,8,3,Infra & Cloud,Y,Occasionnel,1,2
0,2,1,709,7,4,Marketing,Y,Occasionnel,0,5
1,5,1,710,1,4,Infra & Cloud,Y,Frequent,2,8
0,3,1,712,2,1,Marketing,Y,Occasionnel,2,2
2,3,1,714,3,1,Transformation Digitale,Y,Frequent,0,4
0,2,1,715,10,2,Infra & Cloud,Y,Occasionnel,0,0
3,3,1,716,28,1,Transformation Digitale,Y,Occasionnel,3,8
0,3,1,717,9,3,Transformation Digitale,Y,Occasionnel,7,7
0,3,1,720,3,2,Infra & Cloud,Y,Occasionnel,2,0
0,4,1,721,2,4,Entrepreunariat,Y,Occasionnel,11,10
0,2,1,722,10,3,Marketing,Y,Occasionnel,0,8
1,4,1,723,8,2,Entrepreunariat,Y,Frequent,1,3
0,4,1,724,1,4,Infra & Cloud,Y,Occasionnel,1,8
0,3,1,725,1,2,Infra & Cloud,Y,Occasionnel,0,7
0,6,1,727,3,2,Infra & Cloud,Y,Occasionnel,7,7
0,2,1,728,14,4,Marketing,Y,Occasionnel,1,7
1,2,1,729,5,4,Infra & Cloud,Y,Frequent,1,12
0,3,1,730,7,3,Infra & Cloud,Y,Occasionnel,1,3
3,2,1,731,10,4,Ressources Humaines,Y,Occasionnel,12,6
0,1,1,732,16,4,Marketing,Y,Occasionnel,2,2
2,4,1,733,10,2,Infra & Cloud,Y,Frequent,1,7
1,3,1,734,1,3,Ressources Humaines,Y,Occasionnel,2,10
1,2,1,738,8,4,Marketing,Y,Occasionnel,2,2
0,4,1,741,1,2,Infra & Cloud,Y,Occasionnel,3,7
1,2,1,742,8,3,Infra & Cloud,Y,Aucun,0,5
0,4,1,743,1,3,Infra & Cloud,Y,Occasionnel,0,0
0,5,1,744,24,3,Transformation Digitale,Y,Aucun,1,4
2,2,1,746,3,3,Transformation Digitale,Y,Frequent,11,13
1,2,1,747,27,5,Marketing,Y,Occasionnel,7,7
0,6,1,749,10,3,Infra & Cloud,Y,Occasionnel,0,0
0,2,1,752,19,3,Transformation Digitale,Y,Frequent,2,2
1,5,1,754,15,3,Infra & Cloud,Y,Frequent,2,2
0,2,1,757,8,2,Transformation Digitale,Y,Occasionnel,4,3
1,2,1,758,9,1,Transformation Digitale,Y,Occasionnel,0,2
1,3,1,760,3,3,Ressources Humaines,Y,Occasionnel,3,6
0,1,1,762,9,3,Transformation Digitale,Y,Occasionnel,1,1
0,2,1,763,2,1,Transformation Digitale,Y,Occasionnel,2,3
0,2,1,764,7,3,Transformation Digitale,Y,Occasionnel,0,7
2,2,1,766,10,3,Marketing,Y,Occasionnel,2,2
0,4,1,769,6,3,Infra & Cloud,Y,Occasionnel,2,2
1,2,1,771,2,4,Infra & Cloud,Y,Aucun,0,0
2,2,1,772,24,4,Infra & Cloud,Y,Frequent,4,7
1,0,1,773,2,5,Transformation Digitale,Y,Occasionnel,0,1
1,3,1,775,8,5,Infra & Cloud,Y,Occasionnel,0,0
0,3,1,776,3,4,Marketing,Y,Occasionnel,1,16
0,2,1,780,1,4,Autre,Y,Occasionnel,7,8
0,5,1,781,26,1,Transformation Digitale,Y,Occasionnel,1,4
0,3,1,783,2,2,Entrepreunariat,Y,Occasionnel,3,1
0,3,1,784,10,1,Transformation Digitale,Y,Occasionnel,0,2
0,2,1,785,27,2,Infra & Cloud,Y,Frequent,1,3
0,5,1,786,2,3,Autre,Y,Occasionnel,1,4
1,2,1,787,2,3,Transformation Digitale,Y,Occasionnel,1,4
0,1,1,789,8,4,Infra & Cloud,Y,Aucun,0,9
1,3,1,791,19,4,Transformation Digitale,Y,Aucun,1,2
1,2,1,792,1,2,Infra & Cloud,Y,Frequent,2,0
1,3,1,793,27,3,Transformation Digitale,Y,Occasionnel,1,1
0,2,1,796,8,3,Entrepreunariat,Y,Occasionnel,1,2
0,2,1,797,1,4,Infra & Cloud,Y,Occasionnel,1,3
2,4,1,799,19,4,Transformation Digitale,Y,Occasionnel,1,4
1,3,1,800,8,1,Marketing,Y,Frequent,1,1
2,3,1,802,10,1,Infra & Cloud,Y,Occasionnel,4,3
0,2,1,803,2,4,Infra & Cloud,Y,Frequent,4,12
0,3,1,804,2,4,Transformation Digitale,Y,Occasionnel,1,3
1,1,1,805,8,4,Infra & Cloud,Y,Occasionnel,0,2
2,2,1,806,1,3,Infra & Cloud,Y,Occasionnel,0,2
1,2,1,807,2,2,Transformation Digitale,Y,Frequent,3,7
1,1,1,808,8,2,Infra & Cloud,Y,Occasionnel,1,2
1,4,1,809,8,3,Infra & Cloud,Y,Frequent,14,9
2,2,1,811,6,3,Infra & Cloud,Y,Occasionnel,0,0
3,4,1,812,9,3,Infra & Cloud,Y,Aucun,0,0
1,3,1,813,11,4,Infra & Cloud,Y,Occasionnel,1,4
0,3,1,815,2,3,Transformation Digitale,Y,Occasionnel,0,3
1,1,1,816,1,2,Infra & Cloud,Y,Occasionnel,0,0
0,3,1,817,7,3,Transformation Digitale,Y,Occasionnel,3,7
0,3,1,819,16,3,Marketing,Y,Occasionnel,0,2
1,3,1,820,2,2,Autre,Y,Occasionnel,3,0
1,2,1,823,1,3,Autre,Y,Occasionnel,0,5
1,3,1,824,23,2,Infra & Cloud,Y,Occasionnel,0,7
0,2,1,825,2,4,Infra & Cloud,Y,Occasionnel,13,8
0,0,1,826,1,4,Infra & Cloud,Y,Occasionnel,2,2
1,4,1,827,1,2,Infra & Cloud,Y,Occasionnel,0,2
0,3,1,828,2,4,Transformation Digitale,Y,Occasionnel,2,1
1,2,1,829,13,3,Ressources Humaines,Y,Occasionnel,0,4
1,3,1,830,4,3,Infra & Cloud,Y,Occasionnel,6,8
0,6,1,832,16,4,Transformation Digitale,Y,Frequent,0,0
0,4,1,833,2,3,Transformation Digitale,Y,Occasionnel,0,0
0,3,1,834,2,3,Infra & Cloud,Y,Occasionnel,0,0
1,3,1,836,29,3,Infra & Cloud,Y,Occasionnel,7,8
1,3,1,837,12,3,Infra & Cloud,Y,Frequent,1,2
0,3,1,838,16,4,Infra & Cloud,Y,Frequent,1,3
2,3,1,840,11,3,Marketing,Y,Occasionnel,7,7
0,3,1,842,2,1,Transformation Digitale,Y,Occasionnel,7,3
1,3,1,843,14,2,Infra & Cloud,Y,Occasionnel,1,0
1,3,1,844,5,1,Entrepreunariat,Y,Occasionnel,0,8
0,3,1,845,7,3,Autre,Y,Occasionnel,1,6
0,2,1,846,2,4,Marketing,Y,Occasionnel,7,5
1,1,1,847,3,2,Ressources Humaines,Y,Occasionnel,0,2
1,2,1,848,5,2,Transformation Digitale,Y,Frequent,1,7
3,6,1,850,3,3,Transformation Digitale,Y,Aucun,0,0
1,2,1,851,26,4,Marketing,Y,Occasionnel,4,17
0,2,1,852,4,3,Transformation Digitale,Y,Occasionnel,2,3
0,3,1,854,2,1,Transformation Digitale,Y,Occasionnel,0,1
1,5,1,855,1,3,Transformation Digitale,Y,Occasionnel,0,8
0,3,1,856,27,1,Transformation Digitale,Y,Occasionnel,1,1
1,1,1,857,1,2,Infra & Cloud,Y,Occasionnel,4,11
1,3,1,859,13,4,Infra & Cloud,Y,Occasionnel,0,3
1,3,1,861,5,4,Infra & Cloud,Y,Frequent,0,3
1,3,1,862,7,2,Marketing,Y,Occasionnel,0,4
1,2,1,864,9,3,Marketing,Y,Occasionnel,0,2
1,3,1,865,8,2,Transformation Digitale,Y,Occasionnel,1,3
0,3,1,867,25,4,Transformation Digitale,Y,Frequent,0,0
2,2,1,868,16,4,Marketing,Y,Occasionnel,0,0
1,6,1,869,8,2,Transformation Digitale,Y,Occasionnel,0,4
2,2,1,872,1,2,Infra & Cloud,Y,Occasionnel,2,2
1,2,1,874,8,4,Infra & Cloud,Y,Occasionnel,0,2
0,2,1,875,2,1,Transformation Digitale,Y,Frequent,2,2
0,3,1,878,8,3,Infra & Cloud,Y,Occasionnel,0,3
0,3,1,879,3,1,Autre,Y,Occasionnel,0,3
1,2,1,880,9,3,Infra & Cloud,Y,Occasionnel,5,15
1,3,1,881,25,4,Infra & Cloud,Y,Frequent,7,8
1,2,1,882,1,3,Infra & Cloud,Y,Aucun,0,2
0,1,1,885,4,1,Marketing,Y,Occasionnel,0,3
1,2,1,887,1,3,Entrepreunariat,Y,Occasionnel,0,2
0,2,1,888,4,1,Infra & Cloud,Y,Aucun,3,4
1,3,1,889,5,2,Infra & Cloud,Y,Frequent,5,3
1,3,1,893,9,3,Marketing,Y,Occasionnel,1,2
1,1,1,894,3,3,Infra & Cloud,Y,Occasionnel,1,3
1,2,1,895,11,4,Infra & Cloud,Y,Occasionnel,0,2
3,3,1,896,1,3,Transformation Digitale,Y,Occasionnel,0,2
1,3,1,897,8,3,Marketing,Y,Occasionnel,2,2
0,2,1,899,25,3,Entrepreunariat,Y,Occasionnel,4,8
1,3,1,900,21,2,Transformation Digitale,Y,Frequent,0,0
0,0,1,901,23,4,Infra & Cloud,Y,Occasionnel,3,8
1,2,1,902,1,3,Infra & Cloud,Y,Frequent,2,2
1,2,1,903,2,2,Marketing,Y,Occasionnel,7,7
0,2,1,904,19,2,Transformation Digitale,Y,Aucun,0,9
1,3,1,905,2,4,Infra & Cloud,Y,Aucun,14,7
2,2,1,909,2,3,Infra & Cloud,Y,Occasionnel,0,4
1,4,1,910,3,2,Ressources Humaines,Y,Occasionnel,0,3
0,2,1,911,25,4,Infra & Cloud,Y,Occasionnel,0,1
3,5,1,912,7,1,Transformation Digitale,Y,Occasionnel,0,3
0,0,1,913,9,2,Infra & Cloud,Y,Occasionnel,7,1
0,3,1,916,5,4,Transformation Digitale,Y,Occasionnel,0,2
1,3,1,918,2,1,Infra & Cloud,Y,Frequent,0,0
1,2,1,920,8,3,Infra & Cloud,Y,Occasionnel,0,0
0,3,1,922,2,3,Transformation Digitale,Y,Occasionnel,0,2
0,3,1,923,18,1,Autre,Y,Occasionnel,0,0
1,2,1,924,14,1,Infra & Cloud,Y,Occasionnel,4,11
0,3,1,925,2,4,Infra & Cloud,Y,Occasionnel,1,2
1,3,1,926,3,1,Infra & Cloud,Y,Occasionnel,0,2
1,1,1,927,2,4,Infra & Cloud,Y,Occasionnel,1,0
1,2,1,930,9,3,Transformation Digitale,Y,Occasionnel,2,2
0,2,1,932,6,3,Transformation Digitale,Y,Occasionnel,2,2
0,2,1,933,4,3,Infra & Cloud,Y,Occasionnel,0,0
2,3,1,934,10,3,Infra & Cloud,Y,Occasionnel,1,0
0,6,1,936,14,2,Transformation Digitale,Y,Occasionnel,0,3
0,1,1,939,1,4,Autre,Y,Occasionnel,0,2
1,3,1,940,5,3,Entrepreunariat,Y,Occasionnel,0,4
0,2,1,941,7,4,Infra & Cloud,Y,Occasionnel,5,2
1,2,1,942,21,1,Infra & Cloud,Y,Occasionnel,0,7
1,3,1,944,8,2,Autre,Y,Occasionnel,1,7
2,2,1,945,20,4,Transformation Digitale,Y,Occasionnel,0,0
1,2,1,947,20,2,Marketing,Y,Aucun,0,0
0,6,1,949,7,4,Autre,Y,Occasionnel,0,1
1,3,1,950,1,3,Entrepreunariat,Y,Occasionnel,5,11
0,3,1,951,1,3,Infra & Cloud,Y,Aucun,0,2
3,2,1,952,19,2,Marketing,Y,Occasionnel,0,0
1,2,1,954,10,4,Marketing,Y,Occasionnel,0,0
0,2,1,956,1,3,Transformation Digitale,Y,Frequent,0,7
0,3,1,957,6,3,Transformation Digitale,Y,Occasionnel,2,17
0,6,1,958,2,4,Transformation Digitale,Y,Occasionnel,3,9
0,3,1,959,21,3,Autre,Y,Occasionnel,0,0
0,2,1,960,4,3,Entrepreunariat,Y,Occasionnel,0,0
2,2,1,961,12,3,Transformation Digitale,Y,Occasionnel,8,5
1,2,1,964,9,4,Transformation Digitale,Y,Frequent,0,0
1,2,1,966,3,4,Transformation Digitale,Y,Occasionnel,6,3
1,6,1,967,3,1,Infra & Cloud,Y,Occasionnel,3,7
0,3,1,969,1,3,Infra & Cloud,Y,Occasionnel,1,4
0,2,1,970,1,4,Infra & Cloud,Y,Occasionnel,11,7
0,5,1,972,4,2,Infra & Cloud,Y,Aucun,0,8
1,5,1,974,20,3,Entrepreunariat,Y,Frequent,0,2
0,3,1,975,18,3,Transformation Digitale,Y,Occasionnel,1,0
1,2,1,976,1,2,Infra & Cloud,Y,Occasionnel,7,8
0,4,1,977,2,3,Entrepreunariat,Y,Occasionnel,0,0
1,3,1,981,2,2,Transformation Digitale,Y,Occasionnel,15,2
1,2,1,982,8,2,Autre,Y,Occasionnel,7,7
0,1,1,983,10,3,Entrepreunariat,Y,Aucun,1,3
1,2,1,984,3,4,Infra & Cloud,Y,Occasionnel,0,8
0,3,1,985,2,5,Infra & Cloud,Y,Occasionnel,0,7
0,2,1,986,24,3,Infra & Cloud,Y,Aucun,0,0
0,3,1,987,16,4,Transformation Digitale,Y,Frequent,2,7
2,3,1,990,8,4,Entrepreunariat,Y,Aucun,0,7
0,0,1,991,9,2,Transformation Digitale,Y,Aucun,1,2
0,2,1,992,17,3,Infra & Cloud,Y,Aucun,6,0
0,5,1,994,10,3,Infra & Cloud,Y,Occasionnel,0,0
0,4,1,995,13,1,Infra & Cloud,Y,Occasionnel,0,2
2,2,1,996,1,4,Transformation Digitale,Y,Occasionnel,0,2
1,1,1,997,1,2,Transformation Digitale,Y,Occasionnel,1,3
1,2,1,998,1,4,Autre,Y,Frequent,1,2
1,2,1,999,9,3,Transformation Digitale,Y,Frequent,0,11
1,2,1,1001,16,4,Entrepreunariat,Y,Occasionnel,2,2
1,2,1,1002,23,2,Infra & Cloud,Y,Aucun,0,8
0,0,1,1003,4,2,Infra & Cloud,Y,Occasionnel,0,7
0,2,1,1004,22,3,Infra & Cloud,Y,Occasionnel,0,1
1,2,1,1005,24,3,Infra & Cloud,Y,Occasionnel,1,5
1,0,1,1006,10,1,Transformation Digitale,Y,Frequent,0,2
1,3,1,1007,7,2,Transformation Digitale,Y,Occasionnel,0,7
2,6,1,1009,17,1,Transformation Digitale,Y,Occasionnel,3,2
1,2,1,1010,14,4,Autre,Y,Occasionnel,0,2
1,1,1,1011,1,1,Infra & Cloud,Y,Frequent,0,3
0,2,1,1012,5,2,Infra & Cloud,Y,Aucun,0,0
1,2,1,1013,17,3,Entrepreunariat,Y,Occasionnel,0,8
1,3,1,1014,25,4,Transformation Digitale,Y,Occasionnel,10,1
3,4,1,1015,8,2,Infra & Cloud,Y,Occasionnel,1,7
0,2,1,1016,11,3,Transformation Digitale,Y,Occasionnel,0,0
0,3,1,1017,5,3,Transformation Digitale,Y,Frequent,1,2
0,2,1,1018,2,2,Transformation Digitale,Y,Occasionnel,1,3
1,3,1,1019,8,1,Infra & Cloud,Y,Occasionnel,1,1
0,0,1,1022,6,3,Infra & Cloud,Y,Occasionnel,2,2
0,3,1,1024,4,4,Infra & Cloud,Y,Occasionnel,4,8
0,6,1,1025,7,2,Transformation Digitale,Y,Occasionnel,2,1
1,3,1,1026,1,1,Infra & Cloud,Y,Occasionnel,11,8
1,2,1,1027,2,4,Infra & Cloud,Y,Occasionnel,2,2
1,4,1,1028,10,3,Autre,Y,Occasionnel,1,2
0,3,1,1029,5,2,Marketing,Y,Occasionnel,0,0
0,5,1,1030,9,3,Infra & Cloud,Y,Occasionnel,0,0
0,4,1,1032,2,3,Infra & Cloud,Y,Occasionnel,4,3
0,2,1,1033,11,2,Transformation Digitale,Y,Occasionnel,0,0
2,3,1,1034,18,4,Transformation Digitale,Y,Frequent,6,7
2,3,1,1035,7,1,Infra & Cloud,Y,Aucun,5,10
0,1,1,1036,3,4,Infra & Cloud,Y,Occasionnel,0,0
0,6,1,1037,29,2,Transformation Digitale,Y,Aucun,2,2
1,3,1,1038,2,1,Marketing,Y,Occasionnel,6,9
1,2,1,1039,28,3,Transformation Digitale,Y,Occasionnel,11,11
1,3,1,1040,1,3,Infra & Cloud,Y,Aucun,0,13
0,1,1,1042,16,4,Infra & Cloud,Y,Occasionnel,15,14
0,2,1,1043,22,3,Transformation Digitale,Y,Frequent,2,8
0,2,1,1044,8,1,Infra & Cloud,Y,Aucun,2,2
1,4,1,1045,11,2,Infra & Cloud,Y,Occasionnel,1,1
0,2,1,1046,29,4,Transformation Digitale,Y,Aucun,7,7
1,2,1,1047,1,4,Marketing,Y,Occasionnel,0,9
1,1,1,1048,1,2,Entrepreunariat,Y,Occasionnel,0,4
0,3,1,1049,24,4,Transformation Digitale,Y,Occasionnel,0,4
1,2,1,1050,2,3,Marketing,Y,Frequent,6,12
1,3,1,1052,15,3,Autre,Y,Occasionnel,0,0
1,2,1,1053,2,3,Infra & Cloud,Y,Frequent,1,2
1,2,1,1055,10,4,Infra & Cloud,Y,Occasionnel,0,0
0,5,1,1056,10,1,Transformation Digitale,Y,Occasionnel,0,0
1,2,1,1060,3,4,Autre,Y,Frequent,2,2
1,2,1,1061,2,4,Transformation Digitale,Y,Occasionnel,7,7
0,3,1,1062,3,3,Autre,Y,Occasionnel,0,1
1,3,1,1066,26,3,Marketing,Y,Occasionnel,7,5
2,5,1,1068,1,1,Transformation Digitale,Y,Frequent,1,3
2,0,1,1069,1,4,Transformation Digitale,Y,Occasionnel,2,2
1,4,1,1070,2,4,Infra & Cloud,Y,Occasionnel,7,0
1,4,1,1071,9,3,Transformation Digitale,Y,Frequent,0,3
0,2,1,1073,12,5,Transformation Digitale,Y,Occasionnel,7,8
0,3,1,1074,2,1,Transformation Digitale,Y,Aucun,6,2
1,5,1,1076,25,3,Transformation Digitale,Y,Occasionnel,0,0
0,3,1,1077,9,3,Marketing,Y,Frequent,0,2
0,6,1,1079,10,3,Infra & Cloud,Y,Occasionnel,1,0
3,2,1,1080,8,4,Infra & Cloud,Y,Occasionnel,1,7
3,2,1,1081,4,4,Infra & Cloud,Y,Occasionnel,2,7
0,2,1,1082,24,2,Entrepreunariat,Y,Aucun,1,9
2,2,1,1083,1,2,Transformation Digitale,Y,Occasionnel,1,3
1,1,1,1084,20,3,Autre,Y,Occasionnel,0,2
0,3,1,1085,7,2,Entrepreunariat,Y,Occasionnel,0,8
1,4,1,1088,17,1,Infra & Cloud,Y,Occasionnel,1,9
1,6,1,1092,20,4,Entrepreunariat,Y,Occasionnel,11,1
3,4,1,1094,8,5,Infra & Cloud,Y,Aucun,1,2
1,4,1,1096,2,1,Infra & Cloud,Y,Frequent,1,2
0,4,1,1097,10,3,Autre,Y,Occasionnel,1,7
1,1,1,1098,1,2,Transformation Digitale,Y,Occasionnel,3,6
1,2,1,1099,5,3,Infra & Cloud,Y,Occasionnel,1,2
0,2,1,1100,4,3,Entrepreunariat,Y,Occasionnel,4,7
0,4,1,1101,29,4,Transformation Digitale,Y,Frequent,3,8
1,5,1,1102,15,2,Infra & Cloud,Y,Occasionnel,2,2
0,1,1,1103,3,1,Infra & Cloud,Y,Frequent,0,4
3,5,1,1105,10,4,Infra & Cloud,Y,Occasionnel,0,0
1,3,1,1106,4,1,Entrepreunariat,Y,Occasionnel,5,6
1,0,1,1107,21,3,Transformation Digitale,Y,Occasionnel,0,0
0,0,1,1108,25,3,Transformation Digitale,Y,Occasionnel,2,2
1,3,1,1109,2,2,Transformation Digitale,Y,Occasionnel,13,7
2,2,1,1111,1,3,Transformation Digitale,Y,Frequent,0,0
0,4,1,1113,1,4,Autre,Y,Frequent,0,0
1,3,1,1114,7,3,Infra & Cloud,Y,Frequent,0,2
3,2,1,1115,3,4,Infra & Cloud,Y,Aucun,0,0
0,3,1,1116,1,4,Transformation Digitale,Y,Aucun,2,1
1,2,1,1117,9,4,Infra & Cloud,Y,Aucun,4,12
0,4,1,1118,7,4,Infra & Cloud,Y,Occasionnel,4,0
2,2,1,1119,10,4,Marketing,Y,Occasionnel,2,7
1,1,1,1120,28,4,Infra & Cloud,Y,Occasionnel,1,7
3,3,1,1121,3,3,Transformation Digitale,Y,Occasionnel,1,7
1,3,1,1124,3,1,Marketing,Y,Occasionnel,4,9
0,2,1,1125,2,2,Marketing,Y,Occasionnel,0,0
1,1,1,1126,27,3,Infra & Cloud,Y,Frequent,0,1
3,4,1,1127,2,3,Infra & Cloud,Y,Frequent,11,5
0,2,1,1128,14,3,Transformation Digitale,Y,Occasionnel,4,9
0,6,1,1131,1,1,Entrepreunariat,Y,Occasionnel,2,2
0,2,1,1132,9,3,Infra & Cloud,Y,Aucun,0,3
0,0,1,1133,18,4,Infra & Cloud,Y,Aucun,0,9
1,4,1,1135,20,3,Infra & Cloud,Y,Frequent,2,2
0,2,1,1136,2,1,Infra & Cloud,Y,Occasionnel,0,4
1,3,1,1137,11,2,Marketing,Y,Frequent,0,2
1,3,1,1138,8,4,Entrepreunariat,Y,Occasionnel,2,3
0,3,1,1140,2,2,Infra & Cloud,Y,Frequent,0,2
2,2,1,1143,10,3,Infra & Cloud,Y,Frequent,1,1
0,3,1,1148,29,3,Transformation Digitale,Y,Occasionnel,0,0
1,2,1,1150,8,1,Transformation Digitale,Y,Occasionnel,1,2
1,2,1,1152,1,3,Ressources Humaines,Y,Occasionnel,5,0
1,2,1,1154,6,3,Infra & Cloud,Y,Frequent,0,2
0,0,1,1156,8,1,Transformation Digitale,Y,Aucun,0,0
0,3,1,1157,9,4,Marketing,Y,Occasionnel,0,3
1,4,1,1158,12,4,Infra & Cloud,Y,Occasionnel,0,0
1,5,1,1160,15,3,Transformation Digitale,Y,Frequent,2,2
2,2,1,1161,25,2,Transformation Digitale,Y,Occasionnel,1,3
1,0,1,1162,6,3,Infra & Cloud,Y,Occasionnel,2,2
0,3,1,1163,9,1,Infra & Cloud,Y,Occasionnel,1,3
0,2,1,1164,8,4,Entrepreunariat,Y,Occasionnel,1,4
1,3,1,1165,23,1,Infra & Cloud,Y,Occasionnel,3,10
0,3,1,1166,9,4,Transformation Digitale,Y,Frequent,2,13
0,2,1,1167,12,3,Infra & Cloud,Y,Frequent,13,14
0,3,1,1171,4,4,Marketing,Y,Occasionnel,1,5
1,2,1,1172,1,4,Transformation Digitale,Y,Occasionnel,1,7
0,2,1,1173,24,3,Transformation Digitale,Y,Occasionnel,1,2
0,4,1,1175,12,1,Infra & Cloud,Y,Occasionnel,0,0
1,2,1,1177,3,4,Transformation Digitale,Y,Occasionnel,0,7
1,3,1,1179,10,3,Marketing,Y,Occasionnel,1,4
1,3,1,1180,26,2,Transformation Digitale,Y,Frequent,0,0
1,2,1,1182,2,3,Infra & Cloud,Y,Occasionnel,6,4
0,3,1,1184,1,3,Transformation Digitale,Y,Frequent,4,9
1,2,1,1185,4,4,Autre,Y,Frequent,2,2
0,2,1,1188,9,3,Marketing,Y,Occasionnel,1,3
3,3,1,1190,2,1,Infra & Cloud,Y,Aucun,0,0
1,2,1,1191,4,4,Entrepreunariat,Y,Occasionnel,4,2
1,5,1,1192,6,1,Transformation Digitale,Y,Occasionnel,0,8
0,4,1,1193,9,2,Infra & Cloud,Y,Occasionnel,0,0
1,2,1,1195,7,3,Transformation Digitale,Y,Occasionnel,0,2
1,2,1,1196,1,3,Infra & Cloud,Y,Occasionnel,3,11
0,2,1,1198,3,3,Infra & Cloud,Y,Occasionnel,1,2
0,4,1,1200,10,4,Infra & Cloud,Y,Occasionnel,0,2
1,6,1,1201,7,2,Transformation Digitale,Y,Occasionnel,4,7
1,2,1,1202,15,1,Infra & Cloud,Y,Occasionnel,1,3
1,5,1,1203,3,4,Infra & Cloud,Y,Frequent,0,0
0,2,1,1204,2,3,Marketing,Y,Occasionnel,15,9
0,3,1,1206,17,3,Infra & Cloud,Y,Aucun,0,0
1,2,1,1207,2,3,Ressources Humaines,Y,Occasionnel,1,4
1,2,1,1210,5,2,Infra & Cloud,Y,Aucun,0,0
3,3,1,1211,29,4,Infra & Cloud,Y,Occasionnel,0,3
3,2,1,1212,2,4,Transformation Digitale,Y,Frequent,0,0
1,3,1,1215,2,3,Transformation Digitale,Y,Frequent,2,2
3,2,1,1216,19,4,Transformation Digitale,Y,Occasionnel,3,3
1,2,1,1217,15,2,Infra & Cloud,Y,Occasionnel,0,3
3,2,1,1218,17,4,Infra & Cloud,Y,Occasionnel,1,7
1,3,1,1219,17,2,Infra & Cloud,Y,Occasionnel,0,0
1,3,1,1220,25,3,Transformation Digitale,Y,Frequent,0,1
1,4,1,1221,6,4,Infra & Cloud,Y,Occasionnel,1,7
3,4,1,1224,7,4,Infra & Cloud,Y,Occasionnel,8,9
0,3,1,1225,29,4,Autre,Y,Occasionnel,13,17
0,2,1,1226,21,3,Marketing,Y,Occasionnel,2,2
1,3,1,1228,2,4,Entrepreunariat,Y,Occasionnel,1,4
1,3,1,1231,2,5,Transformation Digitale,Y,Aucun,0,3
1,3,1,1233,7,4,Marketing,Y,Occasionnel,1,9
1,2,1,1234,13,3,Autre,Y,Frequent,2,2
0,2,1,1235,2,2,Infra & Cloud,Y,Frequent,0,7
1,2,1,1237,1,3,Entrepreunariat,Y,Occasionnel,7,7
1,5,1,1238,9,3,Transformation Digitale,Y,Occasionnel,4,10
1,2,1,1239,10,3,Entrepreunariat,Y,Occasionnel,1,3
0,4,1,1240,10,4,Infra & Cloud,Y,Occasionnel,1,1
1,2,1,1241,1,3,Transformation Digitale,Y,Occasionnel,5,7
0,6,1,1242,26,5,Transformation Digitale,Y,Frequent,0,0
1,6,1,1243,8,2,Marketing,Y,Aucun,4,12
2,3,1,1244,14,3,Infra & Cloud,Y,Occasionnel,6,8
1,2,1,1245,1,4,Infra & Cloud,Y,Frequent,1,4
1,5,1,1246,2,1,Infra & Cloud,Y,Occasionnel,7,7
0,2,1,1248,10,3,Transformation Digitale,Y,Aucun,0,0
3,5,1,1249,1,3,Infra & Cloud,Y,Occasionnel,1,2
0,2,1,1250,3,3,Infra & Cloud,Y,Occasionnel,0,9
0,2,1,1251,11,2,Transformation Digitale,Y,Occasionnel,0,1
0,2,1,1252,24,3,Transformation Digitale,Y,Occasionnel,1,8
0,2,1,1254,3,3,Infra & Cloud,Y,Occasionnel,0,5
1,2,1,1255,3,3,Infra & Cloud,Y,Occasionnel,0,7
1,2,1,1256,4,2,Transformation Digitale,Y,Occasionnel,0,0
0,2,1,1257,3,3,Entrepreunariat,Y,Frequent,0,7
0,4,1,1258,2,2,Entrepreunariat,Y,Occasionnel,0,0
3,2,1,1259,4,2,Infra & Cloud,Y,Occasionnel,0,3
2,2,1,1260,7,3,Infra & Cloud,Y,Occasionnel,1,0
0,3,1,1263,1,3,Infra & Cloud,Y,Occasionnel,0,0
2,2,1,1264,1,3,Infra & Cloud,Y,Occasionnel,1,7
0,5,1,1265,20,3,Entrepreunariat,Y,Occasionnel,0,0
1,5,1,1267,5,3,Marketing,Y,Occasionnel,3,10
2,3,1,1268,10,5,Marketing,Y,Occasionnel,0,8
0,2,1,1269,25,3,Infra & Cloud,Y,Occasionnel,0,1
1,2,1,1270,1,2,Infra & Cloud,Y,Occasionnel,0,1
0,4,1,1273,24,1,Infra & Cloud,Y,Frequent,1,0
0,2,1,1275,4,2,Infra & Cloud,Y,Occasionnel,2,2
0,2,1,1277,2,3,Marketing,Y,Occasionnel,1,11
1,3,1,1278,8,1,Transformation Digitale,Y,Aucun,15,0
0,2,1,1279,10,2,Infra & Cloud,Y,Frequent,2,2
1,2,1,1280,4,2,Marketing,Y,Occasionnel,0,8
0,3,1,1281,2,3,Marketing,Y,Occasionnel,0,2
1,5,1,1282,9,3,Infra & Cloud,Y,Frequent,11,10
0,6,1,1283,18,4,Transformation Digitale,Y,Occasionnel,5,4
2,2,1,1285,19,3,Transformation Digitale,Y,Frequent,5,10
0,2,1,1286,1,4,Transformation Digitale,Y,Frequent,0,2
2,4,1,1288,4,2,Infra & Cloud,Y,Occasionnel,14,13
2,5,1,1289,11,3,Infra & Cloud,Y,Frequent,1,8
0,3,1,1291,6,1,Infra & Cloud,Y,Occasionnel,2,2
0,2,1,1292,7,4,Transformation Digitale,Y,Occasionnel,0,0
0,3,1,1293,4,4,Marketing,Y,Occasionnel,15,17
0,2,1,1294,2,4,Infra & Cloud,Y,Occasionnel,5,12
1,2,1,1295,15,3,Transformation Digitale,Y,Occasionnel,0,5
1,2,1,1296,2,3,Infra & Cloud,Y,Frequent,2,2
0,6,1,1297,6,2,Transformation Digitale,Y,Frequent,7,7
0,3,1,1298,9,2,Transformation Digitale,Y,Aucun,1,7
2,2,1,1299,7,3,Entrepreunariat,Y,Occasionnel,7,7
0,2,1,1301,1,3,Entrepreunariat,Y,Occasionnel,1,2
0,3,1,1303,1,3,Transformation Digitale,Y,Occasionnel,2,1
2,4,1,1304,8,3,Transformation Digitale,Y,Occasionnel,0,8
0,4,1,1306,25,3,Transformation Digitale,Y,Frequent,0,0
2,4,1,1307,13,4,Transformation Digitale,Y,Occasionnel,15,2
2,3,1,1308,23,4,Infra & Cloud,Y,Occasionnel,2,2
1,3,1,1309,7,2,Infra & Cloud,Y,Occasionnel,1,1
0,2,1,1310,23,3,Transformation Digitale,Y,Occasionnel,0,3
1,6,1,1311,6,3,Entrepreunariat,Y,Occasionnel,6,7
0,0,1,1312,10,4,Entrepreunariat,Y,Occasionnel,1,7
0,3,1,1314,1,2,Infra & Cloud,Y,Occasionnel,5,7
3,6,1,1315,1,3,Infra & Cloud,Y,Aucun,7,5
0,2,1,1317,28,3,Infra & Cloud,Y,Occasionnel,1,2
0,2,1,1318,25,4,Marketing,Y,Occasionnel,1,0
0,2,1,1319,5,3,Infra & Cloud,Y,Occasionnel,7,7
2,2,1,1321,17,4,Transformation Digitale,Y,Occasionnel,0,8
0,6,1,1322,18,2,Infra & Cloud,Y,Occasionnel,1,7
1,5,1,1324,2,4,Infra & Cloud,Y,Aucun,9,6
0,4,1,1329,10,2,Transformation Digitale,Y,Aucun,11,9
0,2,1,1331,1,3,Infra & Cloud,Y,Frequent,2,2
0,4,1,1333,3,3,Infra & Cloud,Y,Occasionnel,1,2
0,3,1,1334,2,1,Infra & Cloud,Y,Aucun,2,10
1,5,1,1336,2,2,Transformation Digitale,Y,Occasionnel,9,11
0,4,1,1338,8,4,Infra & Cloud,Y,Occasionnel,7,7
1,0,1,1340,16,2,Infra & Cloud,Y,Aucun,0,0
1,0,1,1344,9,3,Infra & Cloud,Y,Occasionnel,1,6
0,4,1,1346,2,3,Infra & Cloud,Y,Occasionnel,8,8
1,2,1,1349,1,3,Marketing,Y,Frequent,1,7
0,3,1,1350,4,4,Infra & Cloud,Y,Frequent,1,1
1,2,1,1352,5,3,Infra & Cloud,Y,Occasionnel,0,10
1,3,1,1355,2,2,Infra & Cloud,Y,Occasionnel,1,7
0,6,1,1356,15,2,Transformation Digitale,Y,Occasionnel,9,6
3,6,1,1358,19,1,Transformation Digitale,Y,Occasionnel,1,2
0,0,1,1360,7,4,Transformation Digitale,Y,Occasionnel,5,9
1,3,1,1361,1,4,Infra & Cloud,Y,Occasionnel,0,3
1,2,1,1362,7,3,Marketing,Y,Frequent,6,13
0,2,1,1363,4,3,Infra & Cloud,Y,Occasionnel,0,8
1,4,1,1364,11,3,Transformation Digitale,Y,Occasionnel,0,0
0,1,1,1367,11,2,Entrepreunariat,Y,Occasionnel,0,3
0,5,1,1368,1,3,Infra & Cloud,Y,Aucun,0,0
1,0,1,1369,1,3,Transformation Digitale,Y,Occasionnel,0,0
0,3,1,1371,2,1,Infra & Cloud,Y,Frequent,0,0
0,2,1,1372,13,4,Marketing,Y,Occasionnel,3,8
1,0,1,1373,23,3,Infra & Cloud,Y,Occasionnel,15,9
3,2,1,1374,26,1,Entrepreunariat,Y,Aucun,0,0
3,0,1,1375,2,1,Transformation Digitale,Y,Occasionnel,11,8
2,1,1,1377,29,3,Transformation Digitale,Y,Occasionnel,7,7
0,3,1,1379,2,3,Infra & Cloud,Y,Frequent,0,0
1,0,1,1380,18,4,Marketing,Y,Frequent,3,2
3,2,1,1382,7,3,Infra & Cloud,Y,Frequent,0,3
0,2,1,1383,2,4,Entrepreunariat,Y,Occasionnel,4,11
1,0,1,1387,26,3,Infra & Cloud,Y,Occasionnel,0,4
2,3,1,1389,22,4,Transformation Digitale,Y,Occasionnel,6,7
2,2,1,1390,21,4,Infra & Cloud,Y,Occasionnel,1,4
0,5,1,1391,2,3,Marketing,Y,Frequent,3,2
2,4,1,1392,22,3,Infra & Cloud,Y,Frequent,3,3
0,2,1,1394,4,1,Infra & Cloud,Y,Occasionnel,1,3
0,2,1,1395,5,1,Infra & Cloud,Y,Frequent,1,2
3,3,1,1396,2,1,Marketing,Y,Occasionnel,1,2
1,2,1,1397,25,2,Infra & Cloud,Y,Aucun,0,5
0,3,1,1399,18,1,Infra & Cloud,Y,Occasionnel,1,2
1,3,1,1401,28,2,Transformation Digitale,Y,Frequent,0,2
0,3,1,1402,6,3,Transformation Digitale,Y,Occasionnel,1,8
0,3,1,1403,10,3,Marketing,Y,Occasionnel,4,4
0,2,1,1405,17,4,Infra & Cloud,Y,Occasionnel,7,7
0,2,1,1407,2,1,Transformation Digitale,Y,Occasionnel,1,1
1,5,1,1408,10,3,Ressources Humaines,Y,Occasionnel,0,9
0,2,1,1409,8,4,Autre,Y,Occasionnel,0,4
0,6,1,1411,11,3,Transformation Digitale,Y,Occasionnel,0,2
0,2,1,1412,18,2,Infra & Cloud,Y,Frequent,2,2
1,2,1,1415,1,3,Entrepreunariat,Y,Occasionnel,0,2
0,2,1,1417,7,3,Autre,Y,Occasionnel,0,7
0,3,1,1419,17,3,Autre,Y,Occasionnel,0,9
0,2,1,1420,28,2,Infra & Cloud,Y,Frequent,1,3
0,1,1,1421,14,1,Autre,Y,Frequent,7,7
0,3,1,1422,1,3,Transformation Digitale,Y,Occasionnel,12,7
1,3,1,1423,1,3,Transformation Digitale,Y,Occasionnel,1,5
2,4,1,1424,1,4,Transformation Digitale,Y,Occasionnel,0,0
0,3,1,1425,3,4,Marketing,Y,Occasionnel,0,1
0,3,1,1427,1,4,Infra & Cloud,Y,Frequent,0,0
2,3,1,1428,7,4,Marketing,Y,Occasionnel,0,2
0,3,1,1430,8,5,Infra & Cloud,Y,Occasionnel,1,0
2,2,1,1431,1,4,Autre,Y,Frequent,1,3
0,3,1,1433,8,3,Infra & Cloud,Y,Occasionnel,0,0
0,3,1,1434,11,1,Infra & Cloud,Y,Occasionnel,1,4
0,2,1,1435,4,4,Infra & Cloud,Y,Occasionnel,1,8
2,3,1,1436,16,4,Marketing,Y,Occasionnel,0,2
1,2,1,1438,1,3,Entrepreunariat,Y,Occasionnel,1,2
0,2,1,1439,9,2,Infra & Cloud,Y,Occasionnel,2,2
0,2,1,1440,5,2,Entrepreunariat,Y,Aucun,1,3
1,3,1,1441,1,2,Infra & Cloud,Y,Occasionnel,1,0
2,2,1,1443,2,4,Transformation Digitale,Y,Occasionnel,5,6
2,3,1,1445,4,1,Transformation Digitale,Y,Occasionnel,0,3
1,3,1,1446,7,5,Marketing,Y,Occasionnel,0,3
1,2,1,1447,1,3,Infra & Cloud,Y,Occasionnel,0,2
0,5,1,1448,5,5,Transformation Digitale,Y,Occasionnel,0,3
2,2,1,1449,9,4,Autre,Y,Aucun,0,7
1,5,1,1453,8,2,Infra & Cloud,Y,Occasionnel,9,9
1,1,1,1457,9,3,Marketing,Y,Occasionnel,4,3
0,2,1,1458,2,3,Infra & Cloud,Y,Aucun,0,0
0,2,1,1459,1,5,Infra & Cloud,Y,Frequent,4,7
1,2,1,1460,20,3,Transformation Digitale,Y,Occasionnel,0,7
0,3,1,1461,8,2,Transformation Digitale,Y,Occasionnel,0,2
1,2,1,1464,2,3,Infra & Cloud,Y,Frequent,2,2
2,4,1,1465,29,3,Entrepreunariat,Y,Occasionnel,1,2
3,3,1,1466,7,3,Marketing,Y,Occasionnel,2,2
0,0,1,1467,9,4,Entrepreunariat,Y,Occasionnel,2,2
1,5,1,1468,8,1,Transformation Digitale,Y,Aucun,4,8
0,4,1,1469,5,3,Transformation Digitale,Y,Occasionnel,1,3
0,5,1,1471,5,3,Infra & Cloud,Y,Aucun,0,3
0,2,1,1472,2,3,Transformation Digitale,Y,Occasionnel,8,8
1,0,1,1473,5,4,Entrepreunariat,Y,Occasionnel,1,2
1,3,1,1474,2,3,Transformation Digitale,Y,Occasionnel,1,2
0,3,1,1475,20,3,Infra & Cloud,Y,Occasionnel,1,3
2,2,1,1477,7,3,Transformation Digitale,Y,Frequent,0,3
0,2,1,1478,3,3,Autre,Y,Occasionnel,3,12
2,2,1,1479,16,1,Infra & Cloud,Y,Occasionnel,2,2
0,3,1,1480,9,2,Transformation Digitale,Y,Frequent,5,8
1,4,1,1481,1,5,Marketing,Y,Frequent,0,0
2,2,1,1482,7,3,Entrepreunariat,Y,Aucun,0,0
1,2,1,1483,1,2,Infra & Cloud,Y,Occasionnel,2,8
2,3,1,1484,7,4,Infra & Cloud,Y,Occasionnel,0,7
2,3,1,1485,15,3,Transformation Digitale,Y,Frequent,6,9
1,3,1,1486,1,3,Entrepreunariat,Y,Frequent,1,2
0,4,1,1487,13,3,Entrepreunariat,Y,Frequent,0,0
0,2,1,1489,24,4,Transformation Digitale,Y,Occasionnel,10,10
1,3,1,1492,7,1,Infra & Cloud,Y,Occasionnel,0,0
0,2,1,1494,9,3,Transformation Digitale,Y,Frequent,0,0
1,2,1,1495,13,2,Infra & Cloud,Y,Aucun,0,0
0,2,1,1496,2,1,Transformation Digitale,Y,Frequent,2,2
2,3,1,1497,19,3,Infra & Cloud,Y,Occasionnel,0,4
1,3,1,1499,1,3,Infra & Cloud,Y,Occasionnel,1,3
0,2,1,1501,4,4,Infra & Cloud,Y,Occasionnel,1,2
0,5,1,1502,4,4,Transformation Digitale,Y,Occasionnel,0,2
1,4,1,1503,14,3,Transformation Digitale,Y,Occasionnel,1,2
0,2,1,1504,2,2,Transformation Digitale,Y,Frequent,0,0
1,2,1,1506,1,3,Infra & Cloud,Y,Occasionnel,0,0
0,5,1,1507,7,3,Infra & Cloud,Y,Frequent,1,3
1,3,1,1509,3,2,Transformation Digitale,Y,Occasionnel,1,2
3,3,1,1513,2,1,Infra & Cloud,Y,Frequent,0,2
2,2,1,1514,29,1,Infra & Cloud,Y,Occasionnel,1,7
0,6,1,1515,8,5,Infra & Cloud,Y,Occasionnel,0,0
0,5,1,1516,10,3,Transformation Digitale,Y,Occasionnel,0,0
1,2,1,1520,11,4,Transformation Digitale,Y,Frequent,1,12
0,2,1,1522,1,4,Entrepreunariat,Y,Occasionnel,0,7
1,1,1,1523,28,3,Infra & Cloud,Y,Occasionnel,14,17
0,3,1,1525,6,3,Infra & Cloud,Y,Occasionnel,2,2
1,2,1,1527,3,3,Infra & Cloud,Y,Occasionnel,5,1
0,3,1,1529,16,3,Infra & Cloud,Y,Occasionnel,3,3
0,2,1,1533,20,1,Infra & Cloud,Y,Occasionnel,1,2
0,3,1,1534,9,4,Infra & Cloud,Y,Occasionnel,1,0
0,3,1,1535,1,3,Entrepreunariat,Y,Occasionnel,8,6
0,2,1,1537,3,3,Infra & Cloud,Y,Frequent,7,7
0,2,1,1539,22,5,Transformation Digitale,Y,Frequent,13,9
1,4,1,1541,7,2,Entrepreunariat,Y,Occasionnel,5,7
1,3,1,1542,2,3,Transformation Digitale,Y,Occasionnel,0,0
0,2,1,1543,13,3,Transformation Digitale,Y,Occasionnel,3,7
1,3,1,1544,8,1,Autre,Y,Occasionnel,0,7
0,2,1,1545,25,3,Infra & Cloud,Y,Occasionnel,0,2
1,3,1,1546,28,3,Entrepreunariat,Y,Occasionnel,0,3
1,3,1,1547,2,3,Infra & Cloud,Y,Frequent,13,9
0,5,1,1548,9,2,Transformation Digitale,Y,Occasionnel,7,1
1,3,1,1549,28,4,Infra & Cloud,Y,Occasionnel,5,7
0,2,1,1550,6,2,Transformation Digitale,Y,Occasionnel,7,7
3,3,1,1551,21,2,Entrepreunariat,Y,Occasionnel,0,0
0,2,1,1552,8,2,Infra & Cloud,Y,Aucun,2,2
3,4,1,1553,1,4,Entrepreunariat,Y,Occasionnel,7,7
2,5,1,1554,28,4,Infra & Cloud,Y,Occasionnel,4,2
1,2,1,1555,5,2,Infra & Cloud,Y,Occasionnel,2,5
0,3,1,1556,2,4,Infra & Cloud,Y,Occasionnel,1,2
1,2,1,1557,16,4,Infra & Cloud,Y,Occasionnel,7,7
2,2,1,1558,9,3,Infra & Cloud,Y,Occasionnel,0,0
1,6,1,1560,8,4,Infra & Cloud,Y,Occasionnel,2,2
1,4,1,1562,1,3,Infra & Cloud,Y,Occasionnel,6,7
0,2,1,1563,10,4,Ressources Humaines,Y,Frequent,1,2
0,3,1,1564,1,3,Transformation Digitale,Y,Occasionnel,1,2
1,3,1,1568,29,4,Entrepreunariat,Y,Occasionnel,1,3
1,2,1,1569,2,3,Infra & Cloud,Y,Occasionnel,0,0
1,4,1,1572,2,5,Entrepreunariat,Y,Occasionnel,1,9
2,2,1,1573,2,3,Transformation Digitale,Y,Occasionnel,1,4
1,3,1,1574,1,4,Entrepreunariat,Y,Aucun,1,2
1,3,1,1576,15,4,Autre,Y,Occasionnel,7,6
0,4,1,1577,7,4,Transformation Digitale,Y,Occasionnel,0,0
1,3,1,1578,26,5,Marketing,Y,Occasionnel,2,13
1,3,1,1580,1,4,Infra & Cloud,Y,Occasionnel,2,1
0,5,1,1581,3,3,Infra & Cloud,Y,Occasionnel,0,0
1,3,1,1582,14,3,Infra & Cloud,Y,Occasionnel,7,7
0,5,1,1583,16,3,Infra & Cloud,Y,Occasionnel,1,2
0,5,1,1585,1,4,Infra & Cloud,Y,Occasionnel,0,0
0,3,1,1586,3,1,Transformation Digitale,Y,Occasionnel,1,5
0,4,1,1587,10,4,Transformation Digitale,Y,Occasionnel,0,4
1,3,1,1588,6,3,Transformation Digitale,Y,Occasionnel,7,6
1,0,1,1590,2,1,Infra & Cloud,Y,Frequent,1,3
1,2,1,1591,9,3,Marketing,Y,Occasionnel,0,0
1,2,1,1592,10,3,Entrepreunariat,Y,Occasionnel,2,2
1,3,1,1594,6,4,Infra & Cloud,Y,Frequent,0,2
0,2,1,1595,9,2,Autre,Y,Occasionnel,0,1
2,3,1,1596,28,3,Infra & Cloud,Y,Occasionnel,6,8
1,3,1,1597,10,4,Entrepreunariat,Y,Frequent,7,7
1,2,1,1598,14,2,Infra & Cloud,Y,Occasionnel,1,2
1,0,1,1599,27,3,Entrepreunariat,Y,Occasionnel,0,2
1,5,1,1601,7,2,Infra & Cloud,Y,Occasionnel,0,1
0,5,1,1602,1,4,Infra & Cloud,Y,Occasionnel,0,12
3,3,1,1604,24,3,Transformation Digitale,Y,Occasionnel,0,0
0,2,1,1605,26,2,Autre,Y,Aucun,1,3
1,3,1,1606,20,5,Transformation Digitale,Y,Frequent,12,13
2,3,1,1607,5,4,Autre,Y,Occasionnel,0,2
1,4,1,1608,7,3,Transformation Digitale,Y,Occasionnel,1,10
1,3,1,1609,7,3,Transformation Digitale,Y,Occasionnel,1,1
0,3,1,1611,5,5,Transformation Digitale,Y,Occasionnel,1,4
1,2,1,1612,26,3,Marketing,Y,Aucun,4,5
0,3,1,1613,2,4,Autre,Y,Frequent,0,3
2,2,1,1614,12,4,Infra & Cloud,Y,Occasionnel,1,1
1,3,1,1615,10,4,Infra & Cloud,Y,Frequent,7,2
1,3,1,1617,25,4,Infra & Cloud,Y,Occasionnel,1,4
3,3,1,1618,10,5,Transformation Digitale,Y,Occasionnel,7,7
2,3,1,1619,19,3,Autre,Y,Occasionnel,0,7
0,2,1,1621,18,5,Infra & Cloud,Y,Occasionnel,1,10
1,5,1,1622,27,3,Transformation Digitale,Y,Occasionnel,0,0
0,2,1,1623,5,1,Transformation Digitale,Y,Occasionnel,2,2
0,2,1,1624,3,2,Transformation Digitale,Y,Frequent,0,0
1,2,1,1625,26,4,Infra & Cloud,Y,Occasionnel,1,0
1,3,1,1627,3,2,Transformation Digitale,Y,Occasionnel,0,7
2,2,1,1628,15,3,Infra & Cloud,Y,Occasionnel,14,12
1,5,1,1630,8,4,Infra & Cloud,Y,Aucun,2,9
3,2,1,1631,19,3,Infra & Cloud,Y,Occasionnel,0,2
0,2,1,1633,4,3,Transformation Digitale,Y,Frequent,3,8
2,3,1,1635,2,2,Autre,Y,Occasionnel,3,9
1,6,1,1638,2,2,Transformation Digitale,Y,Occasionnel,0,2
0,3,1,1639,10,3,Transformation Digitale,Y,Occasionnel,6,0
1,2,1,1640,10,3,Transformation Digitale,Y,Occasionnel,7,7
0,2,1,1641,16,3,Infra & Cloud,Y,Occasionnel,3,3
0,3,1,1642,1,5,Ressources Humaines,Y,Frequent,0,2
1,3,1,1644,4,5,Transformation Digitale,Y,Frequent,2,2
2,2,1,1645,15,2,Transformation Digitale,Y,Occasionnel,2,2
0,2,1,1646,2,1,Entrepreunariat,Y,Frequent,1,3
0,0,1,1647,8,3,Transformation Digitale,Y,Occasionnel,0,2
0,0,1,1648,2,3,Transformation Digitale,Y,Frequent,1,2
0,3,1,1649,7,3,Infra & Cloud,Y,Occasionnel,0,3
0,2,1,1650,10,3,Transformation Digitale,Y,Occasionnel,1,4
2,6,1,1651,5,4,Infra & Cloud,Y,Occasionnel,0,2
2,6,1,1653,2,1,Infra & Cloud,Y,Frequent,0,7
0,3,1,1654,12,3,Transformation Digitale,Y,Occasionnel,1,0
2,2,1,1655,22,4,Autre,Y,Occasionnel,1,2
3,3,1,1656,17,5,Infra & Cloud,Y,Occasionnel,1,11
0,3,1,1657,2,3,Transformation Digitale,Y,Occasionnel,2,2
1,2,1,1658,3,3,Infra & Cloud,Y,Occasionnel,7,9
0,4,1,1659,7,3,Infra & Cloud,Y,Occasionnel,1,3
1,3,1,1661,6,1,Infra & Cloud,Y,Occasionnel,2,12
0,6,1,1662,1,4,Transformation Digitale,Y,Aucun,1,2
1,3,1,1664,3,2,Infra & Cloud,Y,Occasionnel,0,4
1,6,1,1665,22,5,Transformation Digitale,Y,Occasionnel,4,7
1,3,1,1666,15,2,Infra & Cloud,Y,Occasionnel,6,11
0,2,1,1667,12,4,Autre,Y,Frequent,6,7
2,4,1,1668,1,3,Infra & Cloud,Y,Frequent,2,9
1,3,1,1669,5,3,Transformation Digitale,Y,Occasionnel,0,9
2,5,1,1670,2,4,Transformation Digitale,Y,Occasionnel,0,4
2,4,1,1671,2,3,Transformation Digitale,Y,Occasionnel,1,6
2,2,1,1673,5,4,Infra & Cloud,Y,Occasionnel,0,2
1,2,1,1674,16,3,Transformation Digitale,Y,Occasionnel,2,2
0,3,1,1675,2,3,Transformation Digitale,Y,Frequent,3,3
3,2,1,1676,2,4,Infra & Cloud,Y,Occasionnel,1,2
0,2,1,1677,1,3,Infra & Cloud,Y,Occasionnel,0,0
0,2,1,1678,23,2,Infra & Cloud,Y,Occasionnel,0,2
0,3,1,1680,9,1,Infra & Cloud,Y,Occasionnel,0,2
1,2,1,1681,16,3,Infra & Cloud,Y,Aucun,1,2
2,2,1,1682,26,4,Infra & Cloud,Y,Occasionnel,0,2
3,2,1,1683,1,3,Infra & Cloud,Y,Occasionnel,2,2
0,2,1,1684,8,1,Transformation Digitale,Y,Occasionnel,1,2
1,5,1,1687,4,2,Transformation Digitale,Y,Occasionnel,0,0
0,2,1,1689,24,4,Transformation Digitale,Y,Occasionnel,1,2
2,3,1,1691,7,2,Transformation Digitale,Y,Frequent,7,7
0,2,1,1692,2,4,Infra & Cloud,Y,Occasionnel,0,0
0,5,1,1693,7,3,Transformation Digitale,Y,Aucun,5,7
1,1,1,1694,22,3,Entrepreunariat,Y,Occasionnel,1,2
1,3,1,1696,5,2,Transformation Digitale,Y,Occasionnel,4,13
1,2,1,1697,1,4,Transformation Digitale,Y,Occasionnel,0,0
3,6,1,1698,21,3,Transformation Digitale,Y,Occasionnel,2,13
2,2,1,1700,1,4,Transformation Digitale,Y,Frequent,1,3
0,3,1,1701,19,3,Infra & Cloud,Y,Occasionnel,8,7
1,2,1,1702,7,3,Infra & Cloud,Y,Occasionnel,0,2
1,2,1,1703,2,3,Infra & Cloud,Y,Occasionnel,6,7
0,2,1,1704,2,4,Transformation Digitale,Y,Frequent,1,4
1,3,1,1706,2,3,Transformation Digitale,Y,Occasionnel,8,8
1,1,1,1707,9,3,Transformation Digitale,Y,Occasionnel,0,4
0,3,1,1708,6,3,Marketing,Y,Occasionnel,8,7
1,2,1,1709,9,4,Transformation Digitale,Y,Occasionnel,1,2
0,2,1,1710,2,4,Infra & Cloud,Y,Occasionnel,6,7
1,3,1,1712,1,1,Infra & Cloud,Y,Aucun,14,4
1,2,1,1714,22,1,Ressources Humaines,Y,Occasionnel,0,0
0,3,1,1716,9,3,Infra & Cloud,Y,Frequent,14,10
3,3,1,1718,17,4,Transformation Digitale,Y,Occasionnel,0,2
0,2,1,1719,28,2,Entrepreunariat,Y,Occasionnel,8,6
1,3,1,1720,10,3,Infra & Cloud,Y,Frequent,1,3
1,2,1,1721,2,4,Infra & Cloud,Y,Occasionnel,0,3
1,4,1,1722,4,3,Ressources Humaines,Y,Aucun,1,2
1,3,1,1724,8,2,Infra & Cloud,Y,Occasionnel,0,0
3,2,1,1725,29,1,Transformation Digitale,Y,Occasionnel,1,2
0,3,1,1727,13,4,Infra & Cloud,Y,Occasionnel,0,9
1,3,1,1728,27,4,Infra & Cloud,Y,Occasionnel,0,7
1,2,1,1729,16,1,Infra & Cloud,Y,Occasionnel,0,8
1,3,1,1731,2,4,Marketing,Y,Aucun,0,0
1,5,1,1732,2,3,Infra & Cloud,Y,Occasionnel,0,3
3,3,1,1733,13,5,Marketing,Y,Occasionnel,2,2
0,2,1,1734,1,2,Infra & Cloud,Y,Occasionnel,0,0
0,3,1,1735,4,1,Transformation Digitale,Y,Occasionnel,1,2
0,3,1,1736,24,1,Entrepreunariat,Y,Frequent,1,4
1,2,1,1737,1,3,Infra & Cloud,Y,Aucun,5,8
1,2,1,1739,19,3,Infra & Cloud,Y,Occasionnel,0,2
0,3,1,1740,7,4,Transformation Digitale,Y,Occasionnel,12,8
2,2,1,1744,4,3,Infra & Cloud,Y,Occasionnel,0,3
0,2,1,1745,2,4,Entrepreunariat,Y,Frequent,0,7
1,2,1,1746,10,3,Transformation Digitale,Y,Frequent,2,1
1,0,1,1747,8,3,Ressources Humaines,Y,Frequent,1,2
1,3,1,1749,5,3,Entrepreunariat,Y,Occasionnel,0,2
0,5,1,1751,8,3,Transformation Digitale,Y,Occasionnel,1,4
0,3,1,1752,9,3,Marketing,Y,Occasionnel,2,2
0,5,1,1753,1,3,Infra & Cloud,Y,Frequent,0,2
1,2,1,1754,15,2,Marketing,Y,Occasionnel,1,7
3,3,1,1755,2,4,Transformation Digitale,Y,Occasionnel,1,2
0,2,1,1756,2,3,Marketing,Y,Aucun,1,7
0,1,1,1757,11,4,Marketing,Y,Occasionnel,0,4
0,2,1,1758,16,3,Infra & Cloud,Y,Occasionnel,0,0
1,4,1,1760,2,2,Transformation Digitale,Y,Frequent,0,5
3,2,1,1761,16,4,Marketing,Y,Occasionnel,0,0
1,2,1,1762,4,3,Entrepreunariat,Y,Occasionnel,0,0
1,3,1,1763,16,3,Infra & Cloud,Y,Occasionnel,1,7
0,3,1,1764,5,4,Entrepreunariat,Y,Aucun,0,7
1,2,1,1766,18,3,Transformation Digitale,Y,Occasionnel,1,0
1,4,1,1767,17,3,Entrepreunariat,Y,Frequent,0,0
3,6,1,1768,12,3,Transformation Digitale,Y,Occasionnel,0,4
3,2,1,1770,2,3,Transformation Digitale,Y,Occasionnel,0,0
2,2,1,1771,4,3,Entrepreunariat,Y,Aucun,1,7
2,2,1,1772,9,4,Infra & Cloud,Y,Occasionnel,0,4
1,3,1,1774,10,3,Infra & Cloud,Y,Aucun,0,7
3,2,1,1775,1,4,Transformation Digitale,Y,Aucun,0,2
0,5,1,1778,2,3,Infra & Cloud,Y,Occasionnel,1,8
0,3,1,1779,3,2,Infra & Cloud,Y,Occasionnel,2,2
0,3,1,1780,7,1,Marketing,Y,Occasionnel,1,0
1,3,1,1782,6,2,Autre,Y,Occasionnel,0,4
0,6,1,1783,8,1,Transformation Digitale,Y,Occasionnel,0,0
2,3,1,1784,29,4,Marketing,Y,Occasionnel,5,7
0,2,1,1786,3,3,Entrepreunariat,Y,Occasionnel,2,2
2,2,1,1787,9,2,Marketing,Y,Occasionnel,0,3
1,3,1,1789,2,4,Transformation Digitale,Y,Occasionnel,2,2
1,1,1,1790,10,3,Infra & Cloud,Y,Occasionnel,5,7
3,2,1,1792,1,2,Transformation Digitale,Y,Frequent,2,3
0,4,1,1794,8,2,Autre,Y,Occasionnel,4,7
0,2,1,1797,27,3,Infra & Cloud,Y,Occasionnel,7,7
1,1,1,1798,8,4,Infra & Cloud,Y,Occasionnel,7,6
1,6,1,1799,1,3,Infra & Cloud,Y,Occasionnel,0,3
0,3,1,1800,10,1,Transformation Digitale,Y,Occasionnel,2,2
0,3,1,1801,26,2,Infra & Cloud,Y,Aucun,2,2
1,5,1,1802,2,2,Infra & Cloud,Y,Occasionnel,0,2
2,2,1,1803,13,3,Transformation Digitale,Y,Occasionnel,0,0
1,6,1,1804,2,2,Transformation Digitale,Y,Aucun,1,7
3,3,1,1805,2,3,Ressources Humaines,Y,Aucun,3,8
1,3,1,1807,9,4,Infra & Cloud,Y,Frequent,0,7
0,4,1,1809,10,4,Transformation Digitale,Y,Occasionnel,0,8
1,6,1,1812,20,3,Infra & Cloud,Y,Frequent,2,2
0,2,1,1813,9,3,Infra & Cloud,Y,Aucun,1,2
0,3,1,1814,5,3,Infra & Cloud,Y,Occasionnel,1,2
1,3,1,1815,4,1,Marketing,Y,Occasionnel,13,5
0,3,1,1816,10,3,Transformation Digitale,Y,Occasionnel,0,2
0,3,1,1818,20,2,Transformation Digitale,Y,Occasionnel,1,4
1,2,1,1821,21,2,Transformation Digitale,Y,Occasionnel,3,7
1,3,1,1822,1,3,Infra & Cloud,Y,Occasionnel,0,3
2,5,1,1823,8,2,Entrepreunariat,Y,Occasionnel,4,8
1,0,1,1824,2,3,Transformation Digitale,Y,Aucun,14,14
1,2,1,1826,23,4,Transformation Digitale,Y,Occasionnel,0,3
1,4,1,1827,4,3,Infra & Cloud,Y,Occasionnel,14,10
1,3,1,1829,12,3,Infra & Cloud,Y,Occasionnel,7,7
1,2,1,1830,7,4,Transformation Digitale,Y,Occasionnel,1,7
2,3,1,1833,7,4,Marketing,Y,Frequent,2,2
1,3,1,1834,1,3,Transformation Digitale,Y,Occasionnel,1,2
2,4,1,1835,2,4,Marketing,Y,Occasionnel,0,3
0,4,1,1836,10,3,Transformation Digitale,Y,Occasionnel,1,2
0,3,1,1837,15,4,Infra & Cloud,Y,Frequent,2,2
0,4,1,1839,14,3,Transformation Digitale,Y,Aucun,0,0
0,4,1,1842,18,5,Ressources Humaines,Y,Occasionnel,0,0
3,3,1,1844,13,3,Ressources Humaines,Y,Occasionnel,2,0
2,3,1,1845,2,4,Infra & Cloud,Y,Aucun,5,7
1,2,1,1847,2,4,Autre,Y,Occasionnel,0,0
1,5,1,1849,2,4,Infra & Cloud,Y,Frequent,7,7
0,3,1,1850,5,2,Infra & Cloud,Y,Frequent,0,2
0,3,1,1852,20,1,Transformation Digitale,Y,Frequent,3,10
0,2,1,1853,10,4,Marketing,Y,Frequent,0,0
2,1,1,1854,10,4,Entrepreunariat,Y,Aucun,3,3
0,2,1,1856,9,4,Infra & Cloud,Y,Occasionnel,2,0
1,4,1,1857,2,2,Infra & Cloud,Y,Occasionnel,4,7
1,2,1,1858,1,2,Infra & Cloud,Y,Aucun,2,2
2,3,1,1859,29,1,Infra & Cloud,Y,Occasionnel,1,6
0,3,1,1860,8,3,Infra & Cloud,Y,Occasionnel,0,0
0,3,1,1862,2,4,Marketing,Y,Occasionnel,2,2
1,5,1,1863,3,3,Entrepreunariat,Y,Occasionnel,2,8
1,5,1,1864,23,1,Transformation Digitale,Y,Occasionnel,5,8
0,3,1,1865,6,1,Transformation Digitale,Y,Occasionnel,0,0
0,2,1,1866,6,3,Transformation Digitale,Y,Occasionnel,6,14
0,3,1,1867,10,3,Infra & Cloud,Y,Occasionnel,12,9
0,3,1,1868,24,2,Infra & Cloud,Y,Frequent,1,0
3,2,1,1869,10,3,Infra & Cloud,Y,Occasionnel,0,7
1,2,1,1870,15,3,Infra & Cloud,Y,Frequent,7,3
3,2,1,1871,19,4,Autre,Y,Occasionnel,2,2
1,2,1,1873,2,4,Entrepreunariat,Y,Occasionnel,0,4
1,3,1,1875,3,3,Transformation Digitale,Y,Occasionnel,0,0
0,3,1,1876,9,3,Transformation Digitale,Y,Occasionnel,0,0
0,2,1,1878,7,1,Infra & Cloud,Y,Occasionnel,0,0
1,4,1,1880,10,4,Entrepreunariat,Y,Occasionnel,1,7
1,2,1,1881,20,3,Infra & Cloud,Y,Occasionnel,0,2
3,3,1,1882,4,3,Infra & Cloud,Y,Occasionnel,1,0
0,2,1,1883,7,3,Infra & Cloud,Y,Occasionnel,1,2
1,2,1,1885,7,4,Transformation Digitale,Y,Occasionnel,0,4
0,2,1,1886,16,2,Autre,Y,Occasionnel,0,2
2,2,1,1888,25,2,Infra & Cloud,Y,Occasionnel,3,8
0,2,1,1890,2,1,Ressources Humaines,Y,Frequent,0,8
1,3,1,1892,1,4,Infra & Cloud,Y,Occasionnel,11,16
1,3,1,1893,1,2,Infra & Cloud,Y,Occasionnel,1,0
0,5,1,1898,2,2,Transformation Digitale,Y,Occasionnel,0,7
1,3,1,1900,22,3,Transformation Digitale,Y,Frequent,4,7
1,5,1,1903,1,4,Infra & Cloud,Y,Occasionnel,2,2
1,2,1,1905,16,4,Entrepreunariat,Y,Aucun,3,0
0,3,1,1907,24,2,Infra & Cloud,Y,Occasionnel,1,0
2,1,1,1908,17,2,Marketing,Y,Occasionnel,1,3
1,3,1,1909,8,3,Marketing,Y,Occasionnel,1,4
1,3,1,1911,6,3,Transformation Digitale,Y,Occasionnel,5,7
1,2,1,1912,10,2,Transformation Digitale,Y,Occasionnel,1,4
0,3,1,1915,3,1,Transformation Digitale,Y,Occasionnel,0,1
1,0,1,1916,4,3,Transformation Digitale,Y,Occasionnel,2,2
1,3,1,1918,6,3,Autre,Y,Frequent,7,7
0,3,1,1922,1,4,Transformation Digitale,Y,Frequent,0,3
0,2,1,1924,10,4,Marketing,Y,Occasionnel,0,9
1,2,1,1927,1,2,Infra & Cloud,Y,Frequent,0,7
0,3,1,1928,24,3,Entrepreunariat,Y,Frequent,0,0
1,1,1,1929,21,4,Infra & Cloud,Y,Aucun,1,2
1,3,1,1931,2,4,Entrepreunariat,Y,Occasionnel,1,2
0,3,1,1932,22,4,Autre,Y,Frequent,6,11
0,0,1,1933,13,2,Marketing,Y,Occasionnel,2,2
1,4,1,1934,14,4,Entrepreunariat,Y,Aucun,1,7
1,3,1,1935,11,5,Marketing,Y,Occasionnel,0,0
1,3,1,1936,9,2,Transformation Digitale,Y,Occasionnel,7,9
1,3,1,1937,8,3,Transformation Digitale,Y,Frequent,0,7
1,2,1,1938,21,3,Infra & Cloud,Y,Occasionnel,0,0
0,2,1,1939,5,2,Infra & Cloud,Y,Frequent,0,3
2,0,1,1940,9,2,Infra & Cloud,Y,Occasionnel,0,3
0,3,1,1941,2,1,Infra & Cloud,Y,Frequent,4,3
2,4,1,1943,12,4,Marketing,Y,Occasionnel,0,0
0,2,1,1944,22,3,Ressources Humaines,Y,Frequent,0,0
1,2,1,1945,18,4,Transformation Digitale,Y,Occasionnel,0,4
0,3,1,1947,16,3,Transformation Digitale,Y,Aucun,1,4
1,3,1,1948,3,2,Transformation Digitale,Y,Aucun,2,3
0,3,1,1949,9,4,Infra & Cloud,Y,Aucun,0,2
0,3,1,1950,1,3,Marketing,Y,Occasionnel,2,1
1,2,1,1951,13,4,Transformation Digitale,Y,Occasionnel,1,1
0,6,1,1952,1,3,Transformation Digitale,Y,Occasionnel,7,6
1,5,1,1954,1,3,Infra & Cloud,Y,Occasionnel,0,2
1,6,1,1955,15,4,Transformation Digitale,Y,Aucun,1,2
0,6,1,1956,1,3,Infra & Cloud,Y,Frequent,8,7
1,2,1,1960,17,3,Entrepreunariat,Y,Occasionnel,0,3
0,3,1,1961,1,3,Infra & Cloud,Y,Occasionnel,0,0
0,2,1,1962,7,4,Infra & Cloud,Y,Occasionnel,0,9
0,5,1,1965,9,3,Marketing,Y,Occasionnel,0,7
0,1,1,1966,5,4,Infra & Cloud,Y,Occasionnel,0,0
0,4,1,1967,26,4,Marketing,Y,Frequent,0,8
0,2,1,1968,24,4,Infra & Cloud,Y,Occasionnel,2,2
2,6,1,1969,9,2,Infra & Cloud,Y,Occasionnel,2,3
3,2,1,1970,7,2,Infra & Cloud,Y,Frequent,2,8
1,1,1,1971,11,3,Infra & Cloud,Y,Occasionnel,0,9
1,2,1,1972,1,4,Autre,Y,Frequent,1,2
1,0,1,1973,26,4,Ressources Humaines,Y,Occasionnel,1,4
3,4,1,1974,2,1,Transformation Digitale,Y,Occasionnel,0,0
0,3,1,1975,15,4,Marketing,Y,Occasionnel,11,10
0,2,1,1976,23,2,Infra & Cloud,Y,Aucun,3,7
1,2,1,1979,10,3,Transformation Digitale,Y,Aucun,4,8
0,3,1,1980,10,3,Transformation Digitale,Y,Occasionnel,1,4
0,2,1,1981,1,2,Infra & Cloud,Y,Occasionnel,1,2
0,6,1,1982,12,2,Autre,Y,Occasionnel,1,4
1,2,1,1985,11,3,Entrepreunariat,Y,Frequent,9,4
1,4,1,1986,2,2,Marketing,Y,Occasionnel,5,10
0,3,1,1987,2,3,Ressources Humaines,Y,Occasionnel,1,2
0,6,1,1989,1,2,Transformation Digitale,Y,Occasionnel,1,7
1,2,1,1992,2,1,Autre,Y,Occasionnel,0,2
0,3,1,1993,25,3,Transformation Digitale,Y,Occasionnel,12,11
3,2,1,1994,1,2,Transformation Digitale,Y,Aucun,0,0
2,3,1,1995,1,4,Infra & Cloud,Y,Occasionnel,5,8
1,1,1,1996,2,2,Infra & Cloud,Y,Occasionnel,1,2
1,1,1,1997,6,4,Infra & Cloud,Y,Frequent,7,7
1,3,1,1998,18,4,Infra & Cloud,Y,Occasionnel,1,2
1,3,1,1999,1,3,Infra & Cloud,Y,Occasionnel,1,0
2,3,1,2000,1,1,Transformation Digitale,Y,Aucun,5,12
1,3,1,2003,11,4,Transformation Digitale,Y,Occasionnel,2,2
0,2,1,2007,1,2,Infra & Cloud,Y,Occasionnel,1,2
0,5,1,2008,9,4,Transformation Digitale,Y,Occasionnel,0,8
1,6,1,2009,15,2,Transformation Digitale,Y,Occasionnel,8,1
0,3,1,2010,29,4,Infra & Cloud,Y,Occasionnel,4,1
2,3,1,2012,1,4,Infra & Cloud,Y,Occasionnel,0,0
1,2,1,2013,1,4,Transformation Digitale,Y,Occasionnel,2,2
0,2,1,2014,24,1,Infra & Cloud,Y,Occasionnel,1,7
1,3,1,2015,10,3,Transformation Digitale,Y,Occasionnel,1,11
2,3,1,2016,1,4,Marketing,Y,Occasionnel,5,7
1,2,1,2017,10,3,Infra & Cloud,Y,Occasionnel,6,8
1,3,1,2018,8,2,Autre,Y,Occasionnel,0,4
2,3,1,2019,29,4,Infra & Cloud,Y,Aucun,0,0
0,2,1,2020,1,3,Transformation Digitale,Y,Occasionnel,1,2
0,6,1,2021,5,1,Transformation Digitale,Y,Occasionnel,1,2
0,3,1,2022,9,3,Infra & Cloud,Y,Aucun,1,3
1,3,1,2023,9,3,Marketing,Y,Frequent,1,0
2,2,1,2024,3,3,Transformation Digitale,Y,Occasionnel,3,4
3,3,1,2025,4,2,Infra & Cloud,Y,Frequent,0,2
1,2,1,2026,1,4,Infra & Cloud,Y,Aucun,1,9
3,3,1,2027,1,4,Transformation Digitale,Y,Occasionnel,2,2
0,2,1,2031,2,3,Infra & Cloud,Y,Occasionnel,4,14
1,4,1,2032,7,2,Entrepreunariat,Y,Occasionnel,9,8
1,3,1,2034,28,4,Infra & Cloud,Y,Occasionnel,0,10
2,2,1,2035,28,3,Marketing,Y,Occasionnel,1,7
1,4,1,2036,15,4,Marketing,Y,Aucun,11,11
1,5,1,2037,3,3,Infra & Cloud,Y,Occasionnel,0,4
0,4,1,2038,2,3,Entrepreunariat,Y,Occasionnel,1,2
0,2,1,2040,26,4,Infra & Cloud,Y,Occasionnel,1,7
1,1,1,2041,10,2,Infra & Cloud,Y,Occasionnel,1,9
2,3,1,2044,1,4,Infra & Cloud,Y,Frequent,0,1
1,2,1,2045,11,4,Marketing,Y,Occasionnel,0,0
0,3,1,2046,20,3,Infra & Cloud,Y,Occasionnel,0,1
0,2,1,2048,2,4,Infra & Cloud,Y,Occasionnel,2,2
2,2,1,2049,18,4,Infra & Cloud,Y,Frequent,0,2
3,2,1,2051,2,4,Transformation Digitale,Y,Occasionnel,0,2
1,5,1,2052,1,4,Infra & Cloud,Y,Occasionnel,1,1
1,2,1,2053,13,2,Autre,Y,Occasionnel,0,3
0,3,1,2054,28,4,Transformation Digitale,Y,Occasionnel,0,4
1,3,1,2055,28,3,Marketing,Y,Occasionnel,2,0
1,2,1,2056,24,1,Marketing,Y,Occasionnel,9,6
0,2,1,2057,5,3,Transformation Digitale,Y,Aucun,1,7
0,2,1,2060,5,3,Autre,Y,Occasionnel,0,0
1,3,1,2061,23,2,Transformation Digitale,Y,Frequent,0,3
1,5,1,2062,6,1,Transformation Digitale,Y,Occasionnel,1,7
1,0,1,2064,4,3,Infra & Cloud,Y,Occasionnel,0,3
0,3,1,2065,2,3,Transformation Digitale,Y,Frequent,0,8
0,3,1,2068,8,3,Transformation Digitale,Y,Occasionnel,1,2
