output_id,prediction_proba,risk_category,prediction_label,log_odds,threshold,prediction_timestamp
17975,0.4540652391294191,Medium,Stay,-0.18425859678026343,0.5,2025-12-10 20:24:06.170652+00:00
17974,0.9534934095354731,High,Leave,3.02053848017984,0.5,2025-12-10 20:24:06.135618+00:00
17973,0.08273261645181838,Low,Stay,-2.4057850957673867,0.5,2025-12-10 20:24:06.101985+00:00
17972,0.9469158923394367,High,Leave,2.881332681704372,0.5,2025-12-10 20:24:06.045824+00:00
17971,0.4540652391294191,Medium,Stay,-0.18425859678026343,0.5,2025-12-10 20:24:05.112150+00:00
17970,0.9534934095354731,High,Leave,3.02053848017984,0.5,2025-12-10 20:24:05.085774+00:00
17969,0.08273261645181838,Low,Stay,-2.4057850957673867,0.5,2025-12-10 20:24:05.053169+00:00
17968,0.9469158923394367,High,Leave,2.881332681704372,0.5,2025-12-10 20:24:05.014925+00:00
17967,0.4540652391294191,Medium,Stay,-0.18425859678026343,0.5,2025-12-10 20:24:04.880526+00:00
17966,0.9534934095354731,High,Leave,3.02053848017984,0.5,2025-12-10 20:24:04.862571+00:00
17965,0.08273261645181838,Low,Stay,-2.4057850957673867,0.5,2025-12-10 20:24:04.848115+00:00
17964,0.9469158923394367,High,Leave,2.881332681704372,0.5,2025-12-10 20:24:04.800959+00:00
17963,0.4540652391294191,Medium,Stay,-0.18425859678026343,0.5,2025-12-10 17:52:23.990174+00:00
17962,0.9534934095354731,High,Leave,3.02053848017984,0.5,2025-12-10 17:52:23.955459+00:00
17961,0.08273261645181838,Low,Stay,-2.4057850957673867,0.5,2025-12-10 17:52:23.914023+00:00
17960,0.9469158923394367,High,Leave,2.881332681704372,0.5,2025-12-10 17:52:23.874544+00:00
17959,0.4540652391294191,Medium,Stay,-0.18425859678026343,0.5,2025-12-10 17:52:23.003946+00:00
17958,0.9534934095354731,High,Leave,3.02053848017984,0.5,2025-12-10 17:52:22.976548+00:00
17957,0.08273261645181838,Low,Stay,-2.4057850957673867,0.5,2025-12-10 17:52:22.942320+00:00
17956,0.9469158923394367,High,Leave,2.881332681704372,0.5,2025-12-10 17:52:22.885767+00:00
17955,0.4540652391294191,Medium,Stay,-0.18425859678026343,0.5,2025-12-10 17:52:22.653512+00:00
17954,0.9534934095354731,High,Leave,3.02053848017984,0.5,2025-12-10 17:52:22.631811+00:00
17953,0.08273261645181838,Low,Stay,-2.4057850957673867,0.5,2025-12-10 17:52:22.607969+00:00
17952,0.9469158923394367,High,Leave,2.881332681704372,0.5,2025-12-10 17:52:22.553336+00:00
17951,0.4540652391294191,Medium,Stay,-0.18425859678026343,0.5,2025-12-10 15:51:48.957378+00:00
17950,0.9534934095354731,High,Leave,3.02053848017984,0.5,2025-12-10 15:51:48.911888+00:00
17949,0.08273261645181838,Low,Stay,-2.4057850957673867,0.5,2025-12-10 15:51:48.867160+00:00
17948,0.9469158923394367,High,Leave,2.881332681704372,0.5,2025-12-10 15:51:48.826440+00:00
17947,0.4540652391294191,Medium,Stay,-0.18425859678026343,0.5,2025-12-10 15:51:48.037673+00:00
17946,0.9534934095354731,High,Leave,3.02053848017984,0.5,2025-12-10 15:51:47.995151+00:00
17945,0.08273261645181838,Low,Stay,-2.4057850957673867,0.5,2025-12-10 15:51:47.949479+00:00
17944,0.9469158923394367,High,Leave,2.881332681704372,0.5,2025-12-10 15:51:47.880921+00:00
17943,0.4540652391294191,Medium,Stay,-0.18425859678026343,0.5,2025-12-10 15:51:47.552254+00:00
17942,0.9534934095354731,High,Leave,3.02053848017984,0.5,2025-12-10 15:51:47.516849+00:00
17941,0.08273261645181838,Low,Stay,-2.4057850957673867,0.5,2025-12-10 15:51:47.486547+00:00
17940,0.9469158923394367,High,Leave,2.881332681704372,0.5,2025-12-10 15:51:47.376071+00:00
17939,0.4540652391294191,Medium,Stay,-0.18425859678026343,0.5,2025-12-10 15:11:16.356807+00:00
17938,0.9534934095354731,High,Leave,3.02053848017984,0.5,2025-12-10 15:11:16.326536+00:00
17937,0.08273261645181838,Low,Stay,-2.4057850957673867,0.5,2025-12-10 15:11:16.298982+00:00
17936,0.9469158923394367,High,Leave,2.881332681704372,0.5,2025-12-10 15:11:16.267205+00:00
17935,0.4540652391294191,Medium,Stay,-0.18425859678026343,0.5,2025-12-10 15:11:15.271862+00:00
17934,0.9534934095354731,High,Leave,3.02053848017984,0.5,2025-12-10 15:11:15.223407+00:00
17933,0.08273261645181838,Low,Stay,-2.4057850957673867,0.5,2025-12-10 15:11:15.178670+00:00
17932,0.9469158923394367,High,Leave,2.881332681704372,0.5,2025-12-10 15:11:15.109368+00:00
17931,0.4540652391294191,Medium,Stay,-0.18425859678026343,0.5,2025-12-10 15:11:14.782379+00:00
17930,0.9534934095354731,High,Leave,3.02053848017984,0.5,2025-12-10 15:11:14.710573+00:00
17929,0.08273261645181838,Low,Stay,-2.4057850957673867,0.5,2025-12-10 15:11:14.643127+00:00
17928,0.9469158923394367,High,Leave,2.881332681704372,0.5,2025-12-10 15:11:14.511344+00:00
17927,0.4540652391294191,Medium,Stay,-0.18425859678026343,0.5,2025-12-10 14:22:34.604904+00:00
17926,0.9534934095354731,High,Leave,3.02053848017984,0.5,2025-12-10 14:22:34.567117+00:00
17925,0.08273261645181838,Low,Stay,-2.4057850957673867,0.5,2025-12-10 14:22:34.521614+00:00
17924,0.9469158923394367,High,Leave,2.881332681704372,0.5,2025-12-10 14:22:34.485159+00:00
17923,0.4540652391294191,Medium,Stay,-0.18425859678026343,0.5,2025-12-10 14:22:33.039667+00:00
17922,0.9534934095354731,High,Leave,3.02053848017984,0.5,2025-12-10 14:22:32.996966+00:00
17921,0.08273261645181838,Low,Stay,-2.4057850957673867,0.5,2025-12-10 14:22:32.956706+00:00
17920,0.9469158923394367,High,Leave,2.881332681704372,0.5,2025-12-10 14:22:32.880374+00:00
17919,0.4540652391294191,Medium,Stay,-0.18425859678026343,0.5,2025-12-10 14:22:32.468167+00:00
17918,0.9534934095354731,High,Leave,3.02053848017984,0.5,2025-12-10 14:22:32.444065+00:00
17917,0.08273261645181838,Low,Stay,-2.4057850957673867,0.5,2025-12-10 14:22:32.418809+00:00
17916,0.9469158923394367,High,Leave,2.881332681704372,0.5,2025-12-10 14:22:32.351065+00:00
17915,0.4540652391294191,Medium,Stay,-0.18425859678026343,0.5,2025-12-05 21:13:35.371407+00:00
17914,0.9534934095354731,High,Leave,3.02053848017984,0.5,2025-12-05 21:13:35.332652+00:00
17913,0.08273261645181838,Low,Stay,-2.4057850957673867,0.5,2025-12-05 21:13:35.292935+00:00
17912,0.9469158923394367,High,Leave,2.881332681704372,0.5,2025-12-05 21:13:35.249022+00:00
17911,0.4540652391294191,Medium,Stay,-0.18425859678026343,0.5,2025-12-05 21:13:33.956310+00:00
17910,0.9534934095354731,High,Leave,3.02053848017984,0.5,2025-12-05 21:13:33.903366+00:00
17909,0.08273261645181838,Low,Stay,-2.4057850957673867,0.5,2025-12-05 21:13:33.857018+00:00
17908,0.9469158923394367,High,Leave,2.881332681704372,0.5,2025-12-05 21:13:33.776688+00:00
17907,0.4540652391294191,Medium,Stay,-0.18425859678026343,0.5,2025-12-05 21:13:33.397093+00:00
17906,0.9534934095354731,High,Leave,3.02053848017984,0.5,2025-12-05 21:13:33.366883+00:00
17905,0.08273261645181838,Low,Stay,-2.4057850957673867,0.5,2025-12-05 21:13:33.331073+00:00
17904,0.9469158923394367,High,Leave,2.881332681704372,0.5,2025-12-05 21:13:33.270066+00:00
17903,0.4540652391294191,Medium,Stay,-0.18425859678026343,0.5,2025-12-05 20:55:40.100495+00:00
17902,0.9534934095354731,High,Leave,3.02053848017984,0.5,2025-12-05 20:55:40.072276+00:00
17901,0.08273261645181838,Low,Stay,-2.4057850957673867,0.5,2025-12-05 20:55:40.047775+00:00
17900,0.9469158923394367,High,Leave,2.881332681704372,0.5,2025-12-05 20:55:40.026370+00:00
17899,0.4540652391294191,Medium,Stay,-0.18425859678026343,0.5,2025-12-05 20:55:39.303968+00:00
17898,0.9534934095354731,High,Leave,3.02053848017984,0.5,2025-12-05 20:55:39.276926+00:00
17897,0.08273261645181838,Low,Stay,-2.4057850957673867,0.5,2025-12-05 20:55:39.253596+00:00
17896,0.9469158923394367,High,Leave,2.881332681704372,0.5,2025-12-05 20:55:39.206874+00:00
17895,0.4540652391294191,Medium,Stay,-0.18425859678026343,0.5,2025-12-05 20:55:39.060072+00:00
17894,0.9534934095354731,High,Leave,3.02053848017984,0.5,2025-12-05 20:55:39.045065+00:00
17893,0.08273261645181838,Low,Stay,-2.4057850957673867,0.5,2025-12-05 20:55:39.028713+00:00
17892,0.9469158923394367,High,Leave,2.881332681704372,0.5,2025-12-05 20:55:38.986292+00:00
17891,0.8336478033763877,High,Leave,1.611703807847786,0.5,2025-12-05 18:46:37.618246+00:00
17890,0.8336478033763877,High,Leave,1.611703807847786,0.5,2025-12-05 18:46:37.610823+00:00
17889,0.8336478033763877,High,Leave,1.611703807847786,0.5,2025-12-05 18:46:37.599202+00:00
17888,0.8382334352540288,High,Leave,1.645142286351146,0.5,2025-12-05 18:46:37.436327+00:00
17887,0.8336478033763877,High,Leave,1.611703807847786,0.5,2025-12-05 18:46:36.785857+00:00
17886,0.8336478033763877,High,Leave,1.611703807847786,0.5,2025-12-05 18:46:36.127736+00:00
17885,0.8336570961937694,High,Leave,1.6117708188267503,0.5,2025-12-05 18:46:35.931036+00:00
17884,0.8336524498370215,High,Leave,1.6117373133372674,0.5,2025-12-05 18:46:35.909042+00:00
17883,0.8336478033763877,High,Leave,1.611703807847786,0.5,2025-12-05 18:46:35.883748+00:00
17882,0.8336478033763877,High,Leave,1.611703807847786,0.5,2025-12-05 18:46:35.717092+00:00
17881,0.8336617424466319,High,Leave,1.6118043243162332,0.5,2025-12-05 18:46:34.330343+00:00
17880,0.8336570961937694,High,Leave,1.6117708188267503,0.5,2025-12-05 18:46:34.309279+00:00
17879,0.8336524498370215,High,Leave,1.6117373133372674,0.5,2025-12-05 18:46:34.284794+00:00
17878,0.8336478033763877,High,Leave,1.611703807847786,0.5,2025-12-05 18:46:34.249184+00:00
17877,0.8336478033763877,High,Leave,1.611703807847786,0.5,2025-12-05 18:46:33.734064+00:00
17876,0.8336478033763877,High,Leave,1.611703807847786,0.5,2025-12-05 18:46:33.232859+00:00
